-- phpMyAdmin SQL Dump
-- version 5.2.1
-- https://www.phpmyadmin.net/
--
-- Hôte : 127.0.0.1:3301
-- Généré le : lun. 11 nov. 2024 à 18:22
-- Version du serveur : 8.2.0
-- Version de PHP : 8.3.0

SET SQL_MODE = "NO_AUTO_VALUE_ON_ZERO";
START TRANSACTION;
SET time_zone = "+00:00";


/*!40101 SET @OLD_CHARACTER_SET_CLIENT=@@CHARACTER_SET_CLIENT */;
/*!40101 SET @OLD_CHARACTER_SET_RESULTS=@@CHARACTER_SET_RESULTS */;
/*!40101 SET @OLD_COLLATION_CONNECTION=@@COLLATION_CONNECTION */;
/*!40101 SET NAMES utf8mb4 */;

--
-- Base de données : `centralized`
--

-- --------------------------------------------------------

--
-- Structure de la table `cdc`
--

Create Database if not exists centralized;
use centralized;

DROP TABLE IF EXISTS `cdc`;
CREATE TABLE IF NOT EXISTS `cdc` (
  `id` varchar(36) NOT NULL,
  `cdc` varchar(15000) NOT NULL,
  `projectId` varchar(36) DEFAULT NULL,
  `userId` varchar(36) DEFAULT NULL,
  `teamId` varchar(36) DEFAULT NULL,
  PRIMARY KEY (`id`),
  UNIQUE KEY `REL_10a2b846ef80ef67353e03a90e` (`projectId`),
  KEY `FK_4875a12743ea691ac38219b13ba` (`userId`),
  KEY `FK_f9ec75268d5f52677b2247081fb` (`teamId`)
) ENGINE=InnoDB DEFAULT  CHARSET=utf8mb4 COLLATE=utf8mb4_0900_ai_ci;

--
-- Déchargement des données de la table `cdc`
--

INSERT INTO `cdc` (`id`, `cdc`, `projectId`, `userId`, `teamId`) VALUES
('0fc21f05-244e-424b-b113-b7bbac68bb4f', '<h1>Cahier des Charges - GPE&nbsp;</h1>\n<h2>Historique des modifications&nbsp;</h2>\n<p>Aucune modification pour le moment.&nbsp;</p>\n<h2>1. Préambule&nbsp;</h2>\n<h3>1.1. Cession&nbsp;</h3>\n<p>Ce document est la propriété de l\'équipe Gestionnaire et ne peut être reproduit ou distribué sans autorisation.&nbsp;</p>\n<h3>1.2. Champ d\'application&nbsp;</h3>\n<p>Ce cahier des charges s\'applique au projet GPE, un site utilisant de l\'IA pour générer des cahiers des charges.&nbsp;</p>\n<h3>1.3. Définitions, acronymes et abréviations&nbsp;&nbsp;</h3>\n<ul>\n<li><strong>GPE</strong>: Générateur de Projets et d\'Exigences&nbsp;</li>\n<li><strong>IA</strong>: Intelligence Artificielle&nbsp;</li>\n<li><strong>API</strong>: Application Programming Interface&nbsp;&nbsp;</li>\n</ul>\n<h3>1.4. Liens&nbsp;</h3>\n<p>Aucun lien pour le moment.&nbsp;</p>\n<h2>2. Description générale&nbsp;</h2>\n<h3>2.1. Vision du produit&nbsp;</h3>\n<p>GPE est un site web innovant qui utilise l\'intelligence artificielle pour générer des cahiers des charges à partir de formulaires remplis par les utilisateurs. Le besoin de ce projet est justifié par la complexité et le temps nécessaire pour rédiger des cahiers des charges manuellement. GPE vise à simplifier ce processus en automatisant la génération de documents de haute qualité.&nbsp;</p>\n<h3>2.2. Interaction du produit avec d\'autres produits et composants&nbsp;</h3>\n<p>GPE interagira avec des API externes pour enrichir les données des cahiers des charges et pour enregistrer des tickets à partir des résultats générés.&nbsp;</p>\n<h3>2.3. Classes d\'utilisateurs et caractéristiques&nbsp;</h3>\n<p>Les utilisateurs de GPE incluent les chefs de projet, les administrateurs système, et les participants au projet. Chaque classe d\'utilisateur aura des fonctionnalités spécifiques adaptées à leurs besoins.&nbsp;</p>\n<h3>2.5. Limites de conception et de mise en œuvre&nbsp;</h3>\n<p>Les principales limites de conception incluent la précision de l\'IA et la capacité à intégrer des API externes. La mise en œuvre sera limitée par le budget et le planning prévisionnel.&nbsp;</p>\n<h2>3. Exigences fonctionnelles&nbsp;</h2>\n<h3>3.1. Bloc fonctionnel « Autorisation »&nbsp;</h3>\n<h4>3.1.1. Description et priorité&nbsp;</h4>\n<p>Le bloc fonctionnel « Autorisation » permet aux utilisateurs de s\'authentifier et d\'accéder aux fonctionnalités du site. Priorité : Haute.&nbsp;</p>\n<h4>3.1.2. Relations de cause à effet&nbsp;</h4>\n<p>L\'authentification réussie permet l\'accès aux fonctionnalités de création de cahiers des charges et de gestion des tickets.&nbsp;</p>\n<h4>3.1.3. Exigences fonctionnelles&nbsp;&nbsp;</h4>\n<ul>\n<li>Authentification des utilisateurs&nbsp;</li>\n<li>Gestion des sessions utilisateur&nbsp;&nbsp;</li>\n</ul>\n<h4>3.1.4. Algorithmes&nbsp;</h4>\n<p>Algorithmes de hachage pour la sécurité des mots de passe.&nbsp;</p>\n<h3>3.2. Bloc fonctionnel « Gestion des comptes utilisateurs système »&nbsp;</h3>\n<h4>3.2.1. Description et priorité&nbsp;</h4>\n<p>Ce bloc permet la gestion des comptes utilisateurs, y compris la création, la modification et la suppression des comptes. Priorité : Haute.&nbsp;</p>\n<h4>3.2.2. Relations de cause à effet&nbsp;</h4>\n<p>La gestion des comptes utilisateurs est essentielle pour la sécurité et la personnalisation des fonctionnalités.&nbsp;</p>\n<h4>3.2.3. Exigences fonctionnelles&nbsp;&nbsp;</h4>\n<ul>\n<li>Création de comptes utilisateurs&nbsp;</li>\n<li>Modification des informations de compte&nbsp;</li>\n<li>Suppression de comptes&nbsp;&nbsp;</li>\n</ul>\n<h4>3.2.4. Algorithmes&nbsp;</h4>\n<p>Algorithmes de validation des données utilisateur.&nbsp;</p>\n<h3>3.3. Bloc fonction Rapports et tableau de bord&nbsp;</h3>\n<h4>3.3.1. Description et priorité&nbsp;</h4>\n<p>Ce bloc permet la génération de rapports et la visualisation des données via un tableau de bord. Priorité : Moyenne.&nbsp;</p>\n<h4>3.3.3. Exigences fonctionnelles&nbsp;&nbsp;</h4>\n<ul>\n<li>Génération de rapports trimestriels&nbsp;</li>\n<li>Visualisation des données via un tableau de bord&nbsp;&nbsp;</li>\n</ul>\n<h4>3.3.4. Algorithmes&nbsp;</h4>\n<p>Algorithmes de traitement des données pour la génération de rapports.&nbsp;</p>\n<h2>4. Exigences non fonctionnelles&nbsp;</h2>\n<h3>4.1. Les interfaces&nbsp;</h3>\n<p>Interface utilisateur : L\'interface doit être intuitive et facile à utiliser.&nbsp;</p>\n<h3>4.2. Documentation de l\'utilisateur&nbsp;</h3>\n<p>Une documentation complète sera fournie pour aider les utilisateurs à utiliser le site.&nbsp;</p>\n<h3>4.3. Exigences en matière de licence&nbsp;</h3>\n<p>Le projet sera sous licence propriétaire.&nbsp;</p>\n<h3>4.4. Mentions légales, droits d\'auteur et autres&nbsp;</h3>\n<p>Les mentions légales et les droits d\'auteur seront clairement indiqués sur le site.&nbsp;</p>\n<h3>4.5. Exigences de performance&nbsp;</h3>\n<p>Le site doit être capable de gérer un nombre élevé de requêtes simultanées.&nbsp;</p>\n<h3>4.6. Exigences en matière de sécurité&nbsp;</h3>\n<p>Le site doit être sécurisé contre les attaques courantes et protéger les données des utilisateurs.&nbsp;</p>\n<h3>4.7. Attributs de qualité&nbsp;</h3>\n<p>Application : Le site doit être robuste, évolutif et facile à maintenir.&nbsp;</p>\n<h2>Annexe A : Diagrammes de cas d\'utilisation&nbsp;</h2>\n<p>Les diagrammes de cas d\'utilisation seront fournis ultérieurement.&nbsp;</p>\n<h2>Annexe B : Cas d\'utilisation&nbsp;</h2>\n<p>Les cas d\'utilisation seront détaillés ultérieurement.&nbsp;</p>\n<h2>Annexe C : Ensembles de champs&nbsp;</h2>\n<p>Les ensembles de champs seront définis ultérieurement.&nbsp;</p>\n<h2>Planning prévisionnel&nbsp;&nbsp;</h2>\n<ul>\n<li>Créer un formulaire de création de projet : 3 jours&nbsp;</li>\n<li>Créer la liaison avec l\'API : 2 jours&nbsp;</li>\n<li>Enregistrer les tickets : 2 semaines&nbsp;&nbsp;</li>\n</ul>\n<h2>Date de début&nbsp;</h2>\n<p>2024-12-12&nbsp;</p>\n<h2>Date de fin&nbsp;</h2>\n<p>2025-01-22&nbsp;</p>\n<h2>Budget&nbsp;</h2>\n<p>3000 €&nbsp;</p>\n<p>Le budget sera réparti comme suit :&nbsp;&nbsp;</p>\n<ul>\n<li>Développement : 2000 €&nbsp;</li>\n<li>Hébergement et infrastructure : 500 €&nbsp;</li>\n<li>Documentation et formation : 500 €&nbsp;&nbsp;</li>\n</ul>\n<h2>Technologies du projet&nbsp;</h2>\n<p>Symfony et JavaScript ont été choisis pour leur robustesse, leur flexibilité et leur large communauté de développeurs, ce qui facilite le développement et la maintenance du projet.&nbsp;</p>\n<h2>Contraintes techniques&nbsp;</h2>\n<p>Aucune contrainte technique particulière.&nbsp;</p>\n<h2>Condition de validation du projet&nbsp;</h2>\n<p>Réussir à créer 3 projets.&nbsp;</p>\n<h2>Chef de projet&nbsp;</h2>\n<p>Da Cruz Jérémy&nbsp;</p>\n<h2>Nom de l\'équipe&nbsp;</h2>\n<p>Équipe Gestionnaire&nbsp;</p>\n<h2>Membres de l\'équipe et leurs rôles&nbsp;</h2>\n<p>À définir.<br></p>\n', '4c020328-1060-4ba6-8d75-ba1cf51326d3', 'e8a547a6-1da6-4824-af30-4b1f26acbc5c', 'c61016f6-1bac-4801-bc29-5b931ad15336'),
('16fd7d37-999b-4b4a-9c21-681e5e691826', '<h1>Cahier des Charges - Liberty Cookie&nbsp;</h1>\n<h2>Historique des modifications&nbsp;</h2>\n<p>Aucune modification pour le moment.&nbsp;</p>\n<h2>1. Préambule&nbsp;</h2>\n<h3>1.1. Cession&nbsp;</h3>\n<p>Ce document est la propriété de HackTime et ne peut être reproduit ou distribué sans autorisation.&nbsp;</p>\n<h3>1.2. Champ d\'application&nbsp;</h3>\n<p>Ce cahier des charges concerne le développement du site e-commerce Liberty Cookie.&nbsp;</p>\n<h3>1.3. Définitions, acronymes et abréviations&nbsp;&nbsp;</h3>\n<ul>\n<li><strong>Liberty Cookie</strong>: Site e-commerce de vente de cookies.&nbsp;</li>\n<li><strong>HackTime</strong>: Équipe de développement.&nbsp;</li>\n<li><strong>Laravel</strong>: Framework PHP utilisé pour le développement.&nbsp;</li>\n<li><strong>MySQL</strong>: Système de gestion de base de données.&nbsp;&nbsp;</li>\n</ul>\n<h3>1.4. Liens&nbsp;</h3>\n<p>Aucun lien pour le moment.&nbsp;</p>\n<h2>2. Description générale&nbsp;</h2>\n<h3>2.1. Vision du produit&nbsp;</h3>\n<p>Liberty Cookie est un site e-commerce spécialisé dans la vente de cookies. Le site doit être attractif, facile à naviguer et offrir une expérience utilisateur exceptionnelle pour encourager les achats.&nbsp;</p>\n<h3>2.2. Interaction du produit avec d\'autres produits et composants&nbsp;</h3>\n<p>Le site interagira avec des systèmes de paiement en ligne, des services de livraison et des outils de gestion de stock.&nbsp;</p>\n<h3>2.3. Classes d\'utilisateurs et caractéristiques&nbsp;</h3>\n<p>Les utilisateurs du site seront principalement des consommateurs de cookies. Les administrateurs du site géreront les produits, les commandes et les utilisateurs.&nbsp;</p>\n<h3>2.5. Limites de conception et de mise en œuvre&nbsp;</h3>\n<p>Le site doit être conçu pour être évolutif et capable de gérer un grand nombre de transactions. Les performances et la sécurité sont des priorités.&nbsp;</p>\n<h2>3. Exigences fonctionnelles&nbsp;</h2>\n<h3>3.1. Bloc fonctionnel « Autorisation »&nbsp;</h3>\n<h4>3.1.1. Description et priorité&nbsp;</h4>\n<p>Le bloc fonctionnel « Autorisation » permet aux utilisateurs de s\'inscrire, de se connecter et de gérer leur compte. Priorité : Haute.&nbsp;</p>\n<h4>3.1.2. Relations de cause à effet&nbsp;</h4>\n<p>L\'autorisation est nécessaire pour accéder aux fonctionnalités du site et pour sécuriser les transactions.&nbsp;</p>\n<h4>3.1.3. Exigences fonctionnelles&nbsp;&nbsp;</h4>\n<ul>\n<li>Inscription des utilisateurs.&nbsp;</li>\n<li>Connexion des utilisateurs.&nbsp;</li>\n<li>Gestion des comptes utilisateurs.&nbsp;&nbsp;</li>\n</ul>\n<h4>3.1.4. Algorithmes&nbsp;</h4>\n<p>Les algorithmes de hachage seront utilisés pour sécuriser les mots de passe.&nbsp;</p>\n<h3>3.2. Bloc fonctionnel « Gestion des comptes utilisateurs système »&nbsp;</h3>\n<h4>3.2.1. Description et priorité&nbsp;</h4>\n<p>Ce bloc permet aux administrateurs de gérer les comptes utilisateurs. Priorité : Haute.&nbsp;</p>\n<h4>3.2.2. Relations de cause à effet&nbsp;</h4>\n<p>La gestion des comptes utilisateurs est essentielle pour la sécurité et la maintenance du site.&nbsp;</p>\n<h4>3.2.3. Exigences fonctionnelles&nbsp;&nbsp;</h4>\n<ul>\n<li>Création de comptes administrateurs.&nbsp;</li>\n<li>Gestion des rôles et permissions.&nbsp;</li>\n<li>Suppression et modification des comptes utilisateurs.&nbsp;&nbsp;</li>\n</ul>\n<h4>3.2.4. Algorithmes&nbsp;</h4>\n<p>Les algorithmes de gestion des rôles et permissions seront utilisés.&nbsp;</p>\n<h3>3.3. Bloc fonction Rapports et tableau de bord&nbsp;</h3>\n<h4>3.3.1. Description et priorité&nbsp;</h4>\n<p>Ce bloc permet de générer des rapports et de visualiser des tableaux de bord. Priorité : Moyenne.&nbsp;</p>\n<h4>3.3.3. Exigences fonctionnelles&nbsp;&nbsp;</h4>\n<ul>\n<li>Génération de rapports de vente.&nbsp;</li>\n<li>Tableau de bord pour les administrateurs.&nbsp;</li>\n<li>Tableau de bord personnalisé pour les utilisateurs.&nbsp;&nbsp;</li>\n</ul>\n<h4>3.3.4. Algorithmes&nbsp;</h4>\n<p>Les algorithmes de génération de rapports et de visualisation de données seront utilisés.&nbsp;</p>\n<h2>4. Exigences non fonctionnelles&nbsp;</h2>\n<h3>4.1. Les interfaces&nbsp;</h3>\n<p>Interface utilisateur : Le site doit être intuitif et attrayant pour encourager les achats.&nbsp;</p>\n<h3>4.2. Documentation de l\'utilisateur&nbsp;</h3>\n<p>Une documentation complète sera fournie pour aider les utilisateurs à naviguer sur le site.&nbsp;</p>\n<h3>4.3. Exigences en matière de licence&nbsp;</h3>\n<p>Le site utilisera des licences open-source pour les technologies utilisées.&nbsp;</p>\n<h3>4.4. Mentions légales, droits d\'auteur et autres&nbsp;</h3>\n<p>Les mentions légales et les droits d\'auteur seront clairement affichés sur le site.&nbsp;</p>\n<h3>4.5. Exigences de performance&nbsp;</h3>\n<p>Le site doit être capable de gérer un grand nombre de transactions simultanées sans ralentissement.&nbsp;</p>\n<h3>4.6. Exigences en matière de sécurité&nbsp;</h3>\n<p>Le site doit être sécurisé contre les attaques et les fraudes.&nbsp;</p>\n<h3>4.7. Attributs de qualité&nbsp;</h3>\n<p>Application : Le site doit être fiable, évolutif et facile à maintenir.&nbsp;</p>\n<h2>Annexe A : Diagrammes de cas d\'utilisation&nbsp;</h2>\n<p>Les diagrammes de cas d\'utilisation seront fournis pour illustrer les interactions des utilisateurs avec le site.&nbsp;</p>\n<h2>Annexe B : Cas d\'utilisation&nbsp;</h2>\n<p>Les cas d\'utilisation seront détaillés pour chaque type d\'utilisateur (administrateur système, administrateur de projet, participant au projet).&nbsp;</p>\n<h2>Annexe C : Ensembles de champs&nbsp;</h2>\n<p>Les ensembles de champs pour chaque page du site seront détaillés (page d\'inscription, page de vérification du numéro de téléphone, etc.).&nbsp;</p>\n<h2>Planning prévisionnel&nbsp;</h2>\n<p>Développement du site : 2 mois&nbsp;</p>\n<p>Développement de la partie admin : 1 mois&nbsp;</p>\n<p>Date de début : 2024-11-08&nbsp;</p>\n<p>Date de fin : 2025-03-28&nbsp;</p>\n<h2>Budget&nbsp;</h2>\n<p>Budget total : 250 000 euros&nbsp;</p>\n<p>Développement du site : 150 000 euros&nbsp;</p>\n<p>Développement de la partie admin : 50 000 euros&nbsp;</p>\n<p>Frais divers (hébergement, licences, etc.) : 50 000 euros&nbsp;</p>\n<h2>Technologies du projet&nbsp;</h2>\n<p>Laravel PHP : Framework PHP choisi pour sa flexibilité et sa robustesse.&nbsp;</p>\n<p>MySQL : Système de gestion de base de données choisi pour sa performance et sa compatibilité avec Laravel.&nbsp;</p>\n<h2>Contraintes techniques&nbsp;</h2>\n<p>Le site doit être conçu pour encourager les achats de cookies.&nbsp;</p>\n<h2>Condition de validation du projet&nbsp;</h2>\n<p>Mise en recette sur l\'environnement du client.&nbsp;</p>\n<h2>Chef de projet&nbsp;</h2>\n<p>Da Cruz Jérémy&nbsp;</p>\n<h2>Nom de l\'équipe&nbsp;</h2>\n<p>HackTime&nbsp;</p>\n<h2>Membres de l\'équipe et leurs rôles&nbsp;</h2>\n<p>À définir<br></p>\n', 'b01be757-e3f2-4c10-8b33-1b516cc4964a', 'e8a547a6-1da6-4824-af30-4b1f26acbc5c', '3eb6385c-cd3b-49d2-9b22-4fc02791e779'),
('41468672-963a-408d-b686-acaf826844b6', '<h1>&nbsp;&nbsp;&nbsp;&nbsp;&nbsp;Cahier des Charges - Doki Loki&nbsp;</h1>\n<h2>Historique des modifications&nbsp;</h2>\n<p>Aucune modification pour le moment.&nbsp;</p>\n<h2>1. Préambule&nbsp;</h2>\n<h3>1.1. Cession&nbsp;</h3>\n<p>Ce document est la propriété de OneForAllTeam et ne peut être reproduit ou distribué sans autorisation préalable.&nbsp;</p>\n<h3>1.2. Champ d\'application&nbsp;</h3>\n<p>Ce cahier des charges s\'applique au projet Doki Loki, un jeu à scénario en 2D sur le thème du harcèlement avec différentes fins.&nbsp;</p>\n<h3>1.3. Définitions, acronymes et abréviations&nbsp;&nbsp;</h3>\n<ul>\n<li><strong>Doki Loki</strong>: Nom du projet de jeu.&nbsp;</li>\n<li><strong>OneForAllTeam</strong>: Nom de l\'équipe de développement.&nbsp;</li>\n<li><strong>Unreal Engine</strong>: Moteur de jeu utilisé pour le développement.&nbsp;&nbsp;</li>\n</ul>\n<h3>1.4. Liens&nbsp;</h3>\n<p>Les liens vers les documents de référence seront fournis ultérieurement.&nbsp;</p>\n<h2>2. Description générale&nbsp;</h2>\n<h3>2.1. Vision du produit&nbsp;</h3>\n<p>Doki Loki est un jeu à scénario en 2D qui aborde le thème du harcèlement. Le jeu propose différentes fins en fonction des choix du joueur, offrant ainsi une expérience immersive et éducative. Le but est de sensibiliser les joueurs aux conséquences du harcèlement et de promouvoir des comportements positifs.&nbsp;</p>\n<h3>2.2. Interaction du produit avec d\'autres produits et composants&nbsp;</h3>\n<p>Le jeu sera développé en utilisant Unreal Engine, ce qui permettra une intégration facile avec d\'autres outils de développement et de gestion de projet.&nbsp;</p>\n<h3>2.3. Classes d\'utilisateurs et caractéristiques&nbsp;</h3>\n<p>Les utilisateurs cibles sont les adolescents et les jeunes adultes. Le jeu doit être accessible et compréhensible pour cette tranche d\'âge.&nbsp;</p>\n<h3>2.5. Limites de conception et de mise en œuvre&nbsp;</h3>\n<p>Le jeu doit être fluide et compréhensible. Les contraintes techniques incluent la compatibilité avec les principales plateformes de jeu (PC, consoles, mobiles).&nbsp;</p>\n<h2>3. Exigences fonctionnelles&nbsp;</h2>\n<h3>3.1. Bloc fonctionnel « Autorisation »&nbsp;</h3>\n<h4>3.1.1. Description et priorité&nbsp;</h4>\n<p>Le bloc fonctionnel « Autorisation » permet aux utilisateurs de s\'inscrire et de se connecter au jeu. Priorité haute.&nbsp;</p>\n<h4>3.1.2. Relations de cause à effet&nbsp;</h4>\n<p>L\'autorisation est nécessaire pour accéder aux fonctionnalités du jeu.&nbsp;</p>\n<h4>3.1.3. Exigences fonctionnelles&nbsp;&nbsp;</h4>\n<ul>\n<li>Inscription des utilisateurs&nbsp;</li>\n<li>Connexion des utilisateurs&nbsp;</li>\n<li>Récupération de mot de passe&nbsp;&nbsp;</li>\n</ul>\n<h4>3.1.4. Algorithmes&nbsp;</h4>\n<p>Les algorithmes de cryptage seront utilisés pour sécuriser les informations des utilisateurs.&nbsp;</p>\n<h3>3.2. Bloc fonctionnel « Gestion des comptes utilisateurs système »&nbsp;</h3>\n<h4>3.2.1. Description et priorité&nbsp;</h4>\n<p>Ce bloc permet la gestion des comptes utilisateurs, y compris la création, la modification et la suppression des comptes. Priorité haute.&nbsp;</p>\n<h4>3.2.2. Relations de cause à effet&nbsp;</h4>\n<p>La gestion des comptes est essentielle pour assurer la sécurité et la personnalisation de l\'expérience utilisateur.&nbsp;</p>\n<h4>3.2.3. Exigences fonctionnelles&nbsp;&nbsp;</h4>\n<ul>\n<li>Création de compte&nbsp;</li>\n<li>Modification de compte&nbsp;</li>\n<li>Suppression de compte&nbsp;&nbsp;</li>\n</ul>\n<h4>3.2.4. Algorithmes&nbsp;</h4>\n<p>Les algorithmes de gestion des utilisateurs seront implémentés pour assurer la cohérence des données.&nbsp;</p>\n<h3>3.3. Bloc fonction Rapports et tableau de bord&nbsp;</h3>\n<h4>3.3.1. Description et priorité&nbsp;</h4>\n<p>Ce bloc permet la génération de rapports et la visualisation des données via un tableau de bord. Priorité moyenne.&nbsp;</p>\n<h4>3.3.3. Exigences fonctionnelles&nbsp;&nbsp;</h4>\n<ul>\n<li>Génération de rapports trimestriels&nbsp;</li>\n<li>Visualisation des données via un tableau de bord&nbsp;&nbsp;</li>\n</ul>\n<h4>3.3.4. Algorithmes&nbsp;</h4>\n<p>Les algorithmes de génération de rapports et de visualisation des données seront implémentés.&nbsp;</p>\n<h2>4. Exigences non fonctionnelles&nbsp;</h2>\n<h3>4.1. Les interfaces&nbsp;</h3>\n<p>Interface utilisateur&nbsp;</p>\n<p>L\'interface utilisateur doit être intuitive et facile à naviguer.&nbsp;</p>\n<h3>4.2. Documentation de l\'utilisateur&nbsp;</h3>\n<p>Une documentation complète sera fournie pour aider les utilisateurs à comprendre et à utiliser le jeu.&nbsp;</p>\n<h3>4.3. Exigences en matière de licence&nbsp;</h3>\n<p>Le jeu sera distribué sous une licence commerciale.&nbsp;</p>\n<h3>4.4. Mentions légales, droits d\'auteur et autres&nbsp;</h3>\n<p>Les mentions légales et les droits d\'auteur seront inclus dans le jeu.&nbsp;</p>\n<h3>4.5. Exigences de performance&nbsp;</h3>\n<p>Le jeu doit être fluide et réactif, avec des temps de chargement minimaux.&nbsp;</p>\n<h3>4.6. Exigences en matière de sécurité&nbsp;</h3>\n<p>Les données des utilisateurs doivent être sécurisées et protégées contre les accès non autorisés.&nbsp;</p>\n<h3>4.7. Attributs de qualité&nbsp;</h3>\n<p>Application&nbsp;</p>\n<p>Le jeu doit être de haute qualité, avec des graphismes et des animations de qualité professionnelle.&nbsp;</p>\n<h2>Annexe A : Diagrammes de cas d\'utilisation&nbsp;</h2>\n<p>Arbre des problèmes, Théorie du changement (à confirmer)&nbsp;</p>\n<p>Suivi du développement (à confirmer)&nbsp;</p>\n<p>Tableau de bord personnalisé&nbsp;</p>\n<p>Tableau de bord d’administration&nbsp;</p>\n<p>Rapports&nbsp;</p>\n<h2>Annexe B : Cas d\'utilisation&nbsp;</h2>\n<p>Administrateur système VI&nbsp;</p>\n<p>VI Administrateur de projet&nbsp;</p>\n<p>VI du participant au projet&nbsp;</p>\n<p>Tableau de bord personnalisé&nbsp;</p>\n<p>Rapports&nbsp;</p>\n<h2>Annexe C : Ensembles de champs&nbsp;</h2>\n<p>Domicile&nbsp;</p>\n<p>Pages de l\'administrateur système&nbsp;</p>\n<p>Page d\'autorisation de l\'administrateur système&nbsp;</p>\n<p>Page de gestion du compte d\'administrateur de projet&nbsp;</p>\n<p>Page de création de compte d\'administrateur de projet&nbsp;</p>\n<p>Pages d\'administration de projet&nbsp;</p>\n<p>Page d\'autorisation de l\'administrateur de projet&nbsp;</p>\n<p>Page de gestion du compte des membres&nbsp;</p>\n<p>Page avec la liste des projets des participants&nbsp;</p>\n<p>Page de création/édition de programme&nbsp;</p>\n<p>Pages utilisateur&nbsp;</p>\n<p>Page d\'inscription de l\'utilisateur&nbsp;</p>\n<p>Page de vérification du numéro de téléphone&nbsp;</p>\n<p>Page d\'autorisation de l\'utilisateur&nbsp;</p>\n<p>Page - Compte personnel de l\'utilisateur&nbsp;</p>\n<p>Page - Compte d\'utilisateur&nbsp;</p>\n<p>Page - Commentaires de l\'administrateur du projet&nbsp;</p>\n<p>Tableau de bord personnalisé&nbsp;</p>\n<p>Tableau de bord d’administration&nbsp;</p>\n<p>Reporting (trimestriel, financier, social)&nbsp;</p>\n<h2>Planning prévisionnel&nbsp;</h2>\n<p>Faire le scénario: 3 mois&nbsp;</p>\n<p>Faire les dessins: 3 mois&nbsp;</p>\n<p>Structure du jeu: 6 mois (en parallèle)&nbsp;</p>\n<p>Date de début: 2024-11-08&nbsp;</p>\n<p>Date de fin: 2025-11-08&nbsp;</p>\n<h2>Budget&nbsp;</h2>\n<p>Budget total: 50 000 euros&nbsp;</p>\n<p>Répartition du budget:&nbsp;&nbsp;</p>\n<ul>\n<li>Développement du scénario: 10 000 euros&nbsp;</li>\n<li>Création des dessins: 15 000 euros&nbsp;</li>\n<li>Développement de la structure du jeu: 20 000 euros&nbsp;</li>\n<li>Autres dépenses (marketing, tests, etc.): 5 000 euros&nbsp;&nbsp;</li>\n</ul>\n<h2>Technologies du projet&nbsp;</h2>\n<p>Unreal Engine a été choisi pour ses capacités avancées en matière de développement de jeux 2D et 3D. Il offre une grande flexibilité et des outils puissants pour la création de jeux interactifs et immersifs.&nbsp;</p>\n<h2>Contraintes techniques&nbsp;</h2>\n<p>Le jeu doit être fluide et compréhensible. Les contraintes techniques incluent la compatibilité avec les principales plateformes de jeu (PC, consoles, mobiles).&nbsp;</p>\n<h2>Condition de validation du projet&nbsp;</h2>\n<p>Mise en recette sur l\'environnement du client.&nbsp;</p>\n<h2>Chef de projet&nbsp;</h2>\n<p>Da Cruz Jérémy&nbsp;</p>\n<h2>Nom de l\'équipe&nbsp;</h2>\n<p>OneForAllTeam&nbsp;</p>\n<h2>Membres de l\'équipe et leurs rôles&nbsp;</h2>\n<p>Les membres de l\'équipe et leurs rôles seront définis ultérieurement.</p>\n<p></p>\n', '07bed089-b764-4c26-a3dc-00bf7aa42f10', 'e8a547a6-1da6-4824-af30-4b1f26acbc5c', '5d331087-7797-49b6-9211-a2c6914d0c30'),
('4726ba5a-3d52-4c8c-a681-9c85a201c3c7', '<h1>Cahier des Charges - Taverne des Citations&nbsp;</h1>\n<h2>Historique des modifications&nbsp;</h2>\n<p>Aucune modification pour le moment.&nbsp;</p>\n<h2>1. Préambule&nbsp;</h2>\n<h3>1.1. Cession&nbsp;</h3>\n<p>Ce document est la propriété de OneForAllTeam et ne peut être reproduit ou distribué sans autorisation.&nbsp;</p>\n<h3>1.2. Champ d\'application&nbsp;</h3>\n<p>Ce cahier des charges s\'applique au projet de développement du site web \"Taverne des Citations\".&nbsp;</p>\n<h3>1.3. Définitions, acronymes et abréviations&nbsp;&nbsp;</h3>\n<ul>\n<li><strong>Symfony</strong>: Framework PHP pour le développement web.&nbsp;</li>\n<li><strong>HTML</strong>: HyperText Markup Language.&nbsp;</li>\n<li><strong>CSS</strong>: Cascading Style Sheets.&nbsp;&nbsp;</li>\n</ul>\n<h3>1.4. Liens&nbsp;</h3>\n<p>Aucun lien pour le moment.&nbsp;</p>\n<h2>2. Description générale&nbsp;</h2>\n<h3>2.1. Vision du produit&nbsp;</h3>\n<p>La \"Taverne des Citations\" est un site web interactif permettant aux utilisateurs de deviner des citations célèbres provenant de divers univers. Le site offre une expérience ludique et éducative, permettant aux utilisateurs de tester leurs connaissances et de découvrir de nouvelles citations.&nbsp;</p>\n<h3>2.2. Interaction du produit avec d\'autres produits et composants&nbsp;</h3>\n<p>Le site interagira avec une base de données contenant les citations et les informations des utilisateurs. Il pourra également s\'intégrer avec des services tiers pour l\'authentification et la gestion des préférences.&nbsp;</p>\n<h3>2.3. Classes d\'utilisateurs et caractéristiques&nbsp;</h3>\n<p>Les utilisateurs du site seront principalement des amateurs de littérature, de cinéma, de jeux vidéo et de culture générale. Le site sera accessible à tous les âges et niveaux de compétence.&nbsp;</p>\n<h3>2.5. Limites de conception et de mise en œuvre&nbsp;</h3>\n<p>Le site doit être conçu pour être facilement extensible afin de pouvoir ajouter de nouvelles citations et fonctionnalités sans perturber l\'expérience utilisateur.&nbsp;</p>\n<h2>3. Exigences fonctionnelles&nbsp;</h2>\n<h3>3.1. Bloc fonctionnel « Autorisation »&nbsp;</h3>\n<h4>3.1.1. Description et priorité&nbsp;</h4>\n<p>Le bloc fonctionnel \"Autorisation\" permet aux utilisateurs de s\'inscrire, de se connecter et de gérer leur compte. Priorité: Haute.&nbsp;</p>\n<h4>3.1.2. Relations de cause à effet&nbsp;</h4>\n<p>L\'autorisation est nécessaire pour accéder aux fonctionnalités avancées du site, telles que le mini-jeu et le système de préférences.&nbsp;</p>\n<h4>3.1.3. Exigences fonctionnelles&nbsp;&nbsp;</h4>\n<ul>\n<li>Inscription des utilisateurs.&nbsp;</li>\n<li>Connexion des utilisateurs.&nbsp;</li>\n<li>Gestion des comptes utilisateurs.&nbsp;&nbsp;</li>\n</ul>\n<h4>3.1.4. Algorithmes&nbsp;</h4>\n<p>Les algorithmes de hachage et de cryptage seront utilisés pour sécuriser les informations des utilisateurs.&nbsp;</p>\n<h3>3.2. Bloc fonctionnel « Gestion des comptes utilisateurs système »&nbsp;</h3>\n<h4>3.2.1. Description et priorité&nbsp;</h4>\n<p>Ce bloc permet aux utilisateurs de gérer leurs préférences et leurs informations personnelles. Priorité: Moyenne.&nbsp;</p>\n<h4>3.2.2. Relations de cause à effet&nbsp;</h4>\n<p>La gestion des comptes utilisateurs est essentielle pour personnaliser l\'expérience utilisateur et améliorer l\'engagement.&nbsp;</p>\n<h4>3.2.3. Exigences fonctionnelles&nbsp;&nbsp;</h4>\n<ul>\n<li>Modification des informations personnelles.&nbsp;</li>\n<li>Gestion des préférences de jeu.&nbsp;&nbsp;</li>\n</ul>\n<h4>3.2.4. Algorithmes&nbsp;</h4>\n<p>Les algorithmes de recommandation seront utilisés pour suggérer des citations en fonction des préférences des utilisateurs.&nbsp;</p>\n<h3>3.3. Bloc fonction Rapports et tableau de bord&nbsp;</h3>\n<h4>3.3.1. Description et priorité&nbsp;</h4>\n<p>Ce bloc permet aux administrateurs de suivre l\'activité des utilisateurs et de générer des rapports. Priorité: Basse.&nbsp;</p>\n<h4>3.3.3. Exigences fonctionnelles&nbsp;&nbsp;</h4>\n<ul>\n<li>Génération de rapports d\'activité.&nbsp;</li>\n<li>Tableau de bord administratif.&nbsp;&nbsp;</li>\n</ul>\n<h4>3.3.4. Algorithmes&nbsp;</h4>\n<p>Les algorithmes de traitement de données seront utilisés pour générer des rapports et des tableaux de bord.&nbsp;</p>\n<h2>4. Exigences non fonctionnelles&nbsp;</h2>\n<h3>4.1. Les interfaces&nbsp;</h3>\n<p>Interface utilisateur: Le site doit être intuitif et facile à naviguer.&nbsp;</p>\n<h3>4.2. Documentation de l\'utilisateur&nbsp;</h3>\n<p>Une documentation complète sera fournie pour aider les utilisateurs à comprendre et à utiliser le site.&nbsp;</p>\n<h3>4.3. Exigences en matière de licence&nbsp;</h3>\n<p>Le site sera sous licence propriétaire.&nbsp;</p>\n<h3>4.4. Mentions légales, droits d\'auteur et autres&nbsp;</h3>\n<p>Les mentions légales et les droits d\'auteur seront clairement affichés sur le site.&nbsp;</p>\n<h3>4.5. Exigences de performance&nbsp;</h3>\n<p>Le site doit avoir un temps de réaction inférieur à 4 secondes.&nbsp;</p>\n<h3>4.6. Exigences en matière de sécurité&nbsp;</h3>\n<p>Le site doit être sécurisé contre les attaques courantes et protéger les données des utilisateurs.&nbsp;</p>\n<h3>4.7. Attributs de qualité&nbsp;</h3>\n<p>Application: Le site doit être robuste, évolutif et facile à maintenir.&nbsp;</p>\n<h2>Annexe A : Diagrammes de cas d\'utilisation&nbsp;</h2>\n<p>Les diagrammes de cas d\'utilisation seront fournis pour illustrer les interactions des utilisateurs avec le site.&nbsp;</p>\n<h2>Annexe B : Cas d\'utilisation&nbsp;</h2>\n<p>Les cas d\'utilisation détailleront les différentes interactions possibles avec le site.&nbsp;</p>\n<h2>Annexe C : Ensembles de champs&nbsp;</h2>\n<p>Les ensembles de champs décriront les différentes pages et fonctionnalités du site.&nbsp;</p>\n<h2>Planning prévisionnel&nbsp;&nbsp;</h2>\n<ul>\n<li>Créer la page de liste: 2 semaines&nbsp;</li>\n<li>Créer le mini-jeu: 3 semaines&nbsp;</li>\n<li>Système de filtre et préférence: 13 jours&nbsp;</li>\n<li>Héberger le site: 3 jours&nbsp;</li>\n<li>Remplir la base de données: 2 mois&nbsp;&nbsp;</li>\n</ul>\n<h2>Date de début: 2024-11-08&nbsp;</h2>\n<h2>Date de fin: 2025-03-01&nbsp;</h2>\n<h2>Budget: 15K&nbsp;</h2>\n<p>Le budget sera réparti comme suit:&nbsp;&nbsp;</p>\n<ul>\n<li>Développement: 10K&nbsp;</li>\n<li>Hébergement: 2K&nbsp;</li>\n<li>Marketing: 2K&nbsp;</li>\n<li>Autres: 1K&nbsp;&nbsp;</li>\n</ul>\n<h2>Technologies du projet&nbsp;</h2>\n<p>Symfony a été choisi pour sa robustesse, sa flexibilité et sa communauté active. Il permet de développer des applications web de manière structurée et sécurisée.&nbsp;</p>\n<h2>Contraintes techniques&nbsp;</h2>\n<p>Le site doit pouvoir ajouter facilement de nouvelles citations sans perturber l\'expérience utilisateur.&nbsp;</p>\n<h2>Condition de validation du projet&nbsp;</h2>\n<p>Le projet sera validé si le temps de réaction est inférieur à 4 secondes.&nbsp;</p>\n<h2>Chef de projet: Da Cruz Jérémy&nbsp;</h2>\n<h2>Nom de l\'équipe: OneForAllTeam&nbsp;</h2>\n<h2>Membres de l\'équipe et leurs rôles: undefined<br></h2>\n', '8b0cbbcc-b5a1-4f34-921e-9b0a098fbc61', 'e8a547a6-1da6-4824-af30-4b1f26acbc5c', '5d331087-7797-49b6-9211-a2c6914d0c30'),
('6a8c6ad6-f635-4d88-a0cd-67801a867fa4', '<h1>Cahier des Charges - Mangavore&nbsp;</h1>\n<h2>Historique des modifications&nbsp;</h2>\n<p>Aucune modification pour le moment.&nbsp;</p>\n<h2>1. Préambule&nbsp;</h2>\n<h3>1.1. Cession&nbsp;</h3>\n<p>Ce document est la propriété de SoulKingTeam et ne peut être reproduit ou distribué sans autorisation.&nbsp;</p>\n<h3>1.2. Champ d\'application&nbsp;</h3>\n<p>Ce cahier des charges s\'applique au projet Mangavore, une application permettant de garder une trace de nos achats de manga afin de les partager.&nbsp;</p>\n<h3>1.3. Définitions, acronymes et abréviations&nbsp;&nbsp;</h3>\n<ul>\n<li><strong>Manga</strong>: Bande dessinée japonaise.&nbsp;</li>\n<li><strong>Angular</strong>: Framework JavaScript pour le développement d\'applications web.&nbsp;</li>\n<li><strong>MariaDB</strong>: Système de gestion de base de données relationnelle.&nbsp;&nbsp;</li>\n</ul>\n<h3>1.4. Liens&nbsp;</h3>\n<p>Aucun lien pour le moment.&nbsp;</p>\n<h2>2. Description générale&nbsp;</h2>\n<h3>2.1. Vision du produit&nbsp;</h3>\n<p>Mangavore est une application conçue pour les amateurs de manga. Elle permet de lister, sélectionner et partager sa collection de mangas. L\'objectif est de faciliter la gestion et le partage des collections de mangas entre les utilisateurs.&nbsp;</p>\n<h3>2.2. Interaction du produit avec d\'autres produits et composants&nbsp;</h3>\n<p>Mangavore interagira avec des bases de données de mangas pour récupérer automatiquement les informations sur les mangas disponibles. Elle utilisera également des API pour le partage des collections sur les réseaux sociaux.&nbsp;</p>\n<h3>2.3. Classes d\'utilisateurs et caractéristiques&nbsp;</h3>\n<p>Les utilisateurs de Mangavore seront principalement des amateurs de manga. Ils pourront créer un compte, lister leurs mangas, sélectionner ceux qu\'ils possèdent et partager leur collection avec d\'autres utilisateurs.&nbsp;</p>\n<h3>2.5. Limites de conception et de mise en œuvre&nbsp;</h3>\n<p>Les principales limites de conception incluent la récupération automatique des mangas et la gestion des droits d\'auteur. La mise en œuvre devra respecter les contraintes légales et techniques.&nbsp;</p>\n<h2>3. Exigences fonctionnelles&nbsp;</h2>\n<h3>3.1. Bloc fonctionnel « Autorisation »&nbsp;</h3>\n<h4>3.1.1. Description et priorité&nbsp;</h4>\n<p>Le bloc fonctionnel « Autorisation » permet aux utilisateurs de s\'inscrire et de se connecter à l\'application. Priorité : Haute.&nbsp;</p>\n<h4>3.1.2. Relations de cause à effet&nbsp;</h4>\n<p>L\'utilisateur doit pouvoir s\'inscrire et se connecter pour accéder aux fonctionnalités de l\'application.&nbsp;</p>\n<h4>3.1.3. Exigences fonctionnelles&nbsp;&nbsp;</h4>\n<ul>\n<li>Inscription des utilisateurs.&nbsp;</li>\n<li>Connexion des utilisateurs.&nbsp;</li>\n<li>Récupération de mot de passe.&nbsp;&nbsp;</li>\n</ul>\n<h4>3.1.4. Algorithmes&nbsp;</h4>\n<p>Les algorithmes de hachage seront utilisés pour sécuriser les mots de passe.&nbsp;</p>\n<h3>3.2. Bloc fonctionnel « Gestion des comptes utilisateurs système »&nbsp;</h3>\n<h4>3.2.1. Description et priorité&nbsp;</h4>\n<p>Le bloc fonctionnel « Gestion des comptes utilisateurs système » permet aux utilisateurs de gérer leur compte. Priorité : Haute.&nbsp;</p>\n<h4>3.2.2. Relations de cause à effet&nbsp;</h4>\n<p>Les utilisateurs doivent pouvoir modifier leurs informations personnelles et gérer leurs collections de mangas.&nbsp;</p>\n<h4>3.2.3. Exigences fonctionnelles&nbsp;&nbsp;</h4>\n<ul>\n<li>Modification des informations personnelles.&nbsp;</li>\n<li>Gestion des collections de mangas.&nbsp;&nbsp;</li>\n</ul>\n<h4>3.2.4. Algorithmes&nbsp;</h4>\n<p>Les algorithmes de gestion de base de données seront utilisés pour stocker et récupérer les informations des utilisateurs.&nbsp;</p>\n<h3>3.3. Bloc fonction Rapports et tableau de bord&nbsp;</h3>\n<h4>3.3.1. Description et priorité&nbsp;</h4>\n<p>Le bloc fonctionnel « Rapports et tableau de bord » permet aux utilisateurs de visualiser des rapports sur leur collection de mangas. Priorité : Moyenne.&nbsp;</p>\n<h4>3.3.3. Exigences fonctionnelles&nbsp;&nbsp;</h4>\n<ul>\n<li>Génération de rapports trimestriels.&nbsp;</li>\n<li>Tableau de bord personnalisé.&nbsp;&nbsp;</li>\n</ul>\n<h4>3.3.4. Algorithmes&nbsp;</h4>\n<p>Les algorithmes de génération de rapports seront utilisés pour créer des rapports trimestriels.&nbsp;</p>\n<h2>4. Exigences non fonctionnelles&nbsp;</h2>\n<h3>4.1. Les interfaces&nbsp;</h3>\n<p>Interface utilisateur : L\'interface utilisateur doit être intuitive et facile à utiliser.&nbsp;</p>\n<h3>4.2. Documentation de l\'utilisateur&nbsp;</h3>\n<p>Une documentation complète sera fournie pour aider les utilisateurs à utiliser l\'application.&nbsp;</p>\n<h3>4.3. Exigences en matière de licence&nbsp;</h3>\n<p>L\'application sera sous licence propriétaire.&nbsp;</p>\n<h3>4.4. Mentions légales, droits d\'auteur et autres&nbsp;</h3>\n<p>Les mentions légales et les droits d\'auteur seront inclus dans l\'application.&nbsp;</p>\n<h3>4.5. Exigences de performance&nbsp;</h3>\n<p>L\'application doit être performante et capable de gérer un grand nombre d\'utilisateurs simultanément.&nbsp;</p>\n<h3>4.6. Exigences en matière de sécurité&nbsp;</h3>\n<p>L\'application doit être sécurisée contre les attaques courantes et protéger les données des utilisateurs.&nbsp;</p>\n<h3>4.7. Attributs de qualité&nbsp;</h3>\n<p>L\'application doit être fiable, évolutive et maintenable.&nbsp;</p>\n<h2>Annexe A : Diagrammes de cas d\'utilisation&nbsp;</h2>\n<p>Les diagrammes de cas d\'utilisation seront fournis ultérieurement.&nbsp;</p>\n<h2>Annexe B : Cas d\'utilisation&nbsp;</h2>\n<p>Les cas d\'utilisation seront détaillés ultérieurement.&nbsp;</p>\n<h2>Annexe C : Ensembles de champs&nbsp;</h2>\n<p>Les ensembles de champs seront détaillés ultérieurement.&nbsp;</p>\n<h2>Planning prévisionnel&nbsp;&nbsp;</h2>\n<ul>\n<li>Enregistrer tous les mangas : 4 semaines&nbsp;</li>\n<li>Lister les mangas : 2 semaines&nbsp;</li>\n<li>Système de partage : 2 semaines&nbsp;&nbsp;</li>\n</ul>\n<p>Date de début : 2024-11-08&nbsp;</p>\n<p>Date de fin : 2025-01-15&nbsp;</p>\n<h2>Budget&nbsp;</h2>\n<p>Le budget total est de mille euros. Il sera réparti comme suit :&nbsp;&nbsp;</p>\n<ul>\n<li>Développement : 600 euros&nbsp;</li>\n<li>Hébergement et infrastructure : 200 euros&nbsp;</li>\n<li>Marketing et promotion : 200 euros&nbsp;&nbsp;</li>\n</ul>\n<h2>Technologies du projet&nbsp;</h2>\n<p>Les technologies utilisées pour le projet sont Angular et MariaDB. Angular a été choisi pour sa capacité à créer des applications web dynamiques et interactives. MariaDB a été choisi pour sa performance et sa compatibilité avec les bases de données relationnelles.&nbsp;</p>\n<h2>Contraintes techniques&nbsp;</h2>\n<p>La récupération automatique des mangas est une contrainte technique majeure. Elle nécessitera l\'intégration avec des bases de données externes et des API.&nbsp;</p>\n<h2>Condition de validation du projet&nbsp;</h2>\n<p>Le projet sera validé lorsque plus d\'une dizaine de tomes sur plusieurs mangas auront été enregistrés.&nbsp;</p>\n<h2>Chef de projet&nbsp;</h2>\n<p>Da Cruz Jérémy&nbsp;</p>\n<h2>Nom de l\'équipe&nbsp;</h2>\n<p>SoulKingTeam&nbsp;</p>\n<h2>Membres de l\'équipe et leurs rôles&nbsp;</h2>\n<p>Les membres de l\'équipe et leurs rôles seront définis ultérieurement.<br></p>\n', '44d8fa72-d0bc-4a6f-9ee4-c5869c94b7e2', 'e8a547a6-1da6-4824-af30-4b1f26acbc5c', '8b66844f-3e11-4e6c-a652-dca635f1fa3f'),
('6dce7ab4-a873-4358-aa88-5896c30f54f6', ' <!DOCTYPE html> <html lang=\\\"fr\\\"> <head>     <meta charset=\\\"UTF-8\\\">     <meta name=\\\"viewport\\\" content=\\\"width=device-width, initial-scale=1.0\\\">     <title>Cahier des charges InsureTech</title>     <style>         body { font-family: sans-serif; }         h1, h2, h3, h4 { color: #333; }         table { width: 100%; border-collapse: collapse; }         th, td { border: 1px solid #ddd; padding: 8px; text-align: left; }         th { background-color: #f2f2f2; }     </style> </head> <body>  <h1>Cahier des charges - InsureTech</h1>  <h2>1. Préambule</h2>  <h3>1.1. Cession</h3> <p>Ce cahier des charges est établi par l\'équipe Equipe Gestionnaire pour le projet InsureTech, une plateforme technologique et des services de création de produits d’assurances.</p>  <h3>1.2. Champ d\'application</h3> <p>Ce document définit les exigences fonctionnelles et non fonctionnelles du projet InsureTech, couvrant son développement, sa mise en œuvre et sa maintenance.</p>  <h3>1.3. Définitions, acronymes et abréviations</h3> <ul>     <li><strong>InsureTech:</strong> Nom du projet.</li>     <li><strong>API:</strong> Interface de Programmation d\'Application.</li>     <li><strong>UI:</strong> Interface Utilisateur.</li>     <li><strong>UX:</strong> Expérience Utilisateur.</li>     <li><strong>GDPR:</strong> Règlement Général sur la Protection des Données.</li> </ul>  <h3>1.4. Liens</h3> <p>Aucun lien externe pertinent à ce stade.</p>   <h2>2. Description générale</h2>  <h3>2.1. Vision du produit</h3> <p>InsureTech vise à révolutionner le secteur des assurances en fournissant une plateforme flexible et évolutive pour la création et la gestion de produits d\'assurance.  La plateforme permettra aux assureurs de développer de nouveaux produits plus rapidement, de gérer plus efficacement leurs polices et d\'améliorer l\'expérience client.  Elle offrira des outils d\'analyse de données pour une meilleure compréhension des risques et une tarification plus précise.  Le besoin de ce projet vient de la complexité croissante de la gestion des polices d\'assurance, la nécessité de développer de nouveaux produits innovants rapidement et la demande d\'une meilleure expérience client.</p>  <h3>2.2. Interaction du produit avec d\'autres produits et composants</h3> <p>InsureTech pourra s\'intégrer avec les systèmes existants des assureurs via des API.  Des intégrations futures avec des plateformes de paiement et de KYC (Know Your Customer) sont envisagées.</p>  <h3>2.3. Classes d\'utilisateurs et caractéristiques</h3> <ul>     <li><strong>Administrateurs:</strong> Gestion complète de la plateforme, création et gestion des utilisateurs, paramétrage du système, accès aux rapports et analyses.</li>     <li><strong>Agents d\'assurance:</strong> Accès à la plateforme pour la gestion des polices d\'assurance, la souscription de nouveaux clients et la gestion des sinistres.</li>     <li><strong>Clients:</strong> Accès à un portail client pour consulter leurs polices, déclarer un sinistre et communiquer avec leur agent.</li> </ul>   <h3>2.5. Limites de conception et de mise en œuvre</h3> <p>La première version de InsureTech se concentrera sur les fonctionnalités de base de gestion des polices.  Des fonctionnalités plus avancées, telles que la gestion des sinistres et l\'intégration avec des plateformes de paiement, seront ajoutées dans les versions ultérieures.</p>   <h2>3. Exigences fonctionnelles</h2>  <h3>3.1. Bloc fonctionnel « Autorisation »</h3>     <h4>3.1.1. Description et priorité</h4>     <p>Système d\'authentification et d\'autorisation robuste pour contrôler l\'accès aux différentes fonctionnalités du système.  Haute priorité.</p>     <h4>3.1.2. Relations de cause à effet</h4>     <p>Un système d\'autorisation fiable est indispensable pour garantir la sécurité des données et le bon fonctionnement du système, en particulier compte tenu des données sensibles traitées.</p>     <h4>3.1.3. Exigences fonctionnelles</h4>     <ul>         <li>Authentification par email et mot de passe.</li>         <li>Authentification à deux facteurs (2FA).</li>         <li>Gestion des rôles et permissions (administrateur, agent, client).</li>         <li>Audit trail des actions effectuées par chaque utilisateur.</li>     </ul>     <h4>3.1.4. Algorithmes</h4>     <p>Utilisation de protocoles d\'authentification standardisés et chiffrement des données sensibles avec un algorithme de chiffrement robuste et à jour (ex: AES-256).</p>   <h3>3.2. Bloc fonctionnel « Gestion des comptes utilisateurs système »</h3>     <h4>3.2.1. Description et priorité</h4>     <p>Permettre la création, la gestion et la suppression de comptes utilisateurs.  Haute priorité.</p>     <h4>3.2.2. Relations de cause à effet</h4>     <p>Une gestion efficace des comptes utilisateurs est essentielle pour le contrôle d\'accès et l\'administration du système.</p>     <h4>3.2.3. Exigences fonctionnelles</h4>     <ul>         <li>Création de différents types de comptes (administrateur, agent, client).</li>         <li>Modification des informations de compte.</li>         <li>Suppression de comptes.</li>         <li>Gestion des permissions par rôle.</li>     </ul>     <h4>3.2.4. Algorithmes</h4>     <p>Algorithmes de hachage pour le stockage sécurisé des mots de passe (ex: bcrypt, Argon2).</p>   <h3>3.3. Bloc fonctionnel « Rapports et tableau de bord »</h3>     <h4>3.3.1. Description et priorité</h4>     <p>Fournir des tableaux de bord et des rapports pour le suivi de l\'activité du système.  Haute priorité.</p>     <h4>3.3.3. Exigences fonctionnelles</h4>     <ul>         <li>Tableau de bord d\'administration pour la surveillance globale du système.</li>         <li>Rapports sur les ventes, les primes, les sinistres.</li>         <li>Exportation des données au format CSV et PDF.</li>         <li>Visualisation des données via des graphiques et des tableaux.</li>     </ul>     <h4>3.3.4. Algorithmes</h4>     <p>Algorithmes de génération de rapports et d\'agrégation de données.</p>   <h2>4. Exigences non fonctionnelles</h2>  <h3>4.1. Les interfaces</h3> <h4>Interface utilisateur</h4> <p>L\'interface utilisateur doit être intuitive, ergonomique et accessible à tous les types d\'utilisateurs.  Design moderne et responsive.</p>  <h3>4.2. Documentation de l\'utilisateur</h3> <p>Fournir une documentation complète et facile à comprendre, incluant des tutoriels et une FAQ.</p>  <h3>4.3. Exigences en matière de licence</h3> <p>Licence propriétaire (à définir).</p>  <h3>4.4. Mentions légales, droits d\'auteur et autres</h3> <p>Conformité aux lois et réglementations en vigueur, notamment en matière de protection des données (GDPR).</p>  <h3>4.5. Exigences de performance</h3> <p>Temps de réponse rapide, haute disponibilité et scalabilité du système.  Gestion efficace des pics de charge.</p>  <h3>4.6. Exigences en matière de sécurité</h3> <p>Sécurité robuste contre les attaques courantes (injection SQL, XSS, etc.).  Chiffrement des données sensibles. Conformité aux normes de sécurité du secteur des assurances.</p>  <h3>4.7. Attributs de qualité</h3> <p>Fiabilité, maintenabilité, évolutivité et portabilité.</p>   <h2>Annexe A : Diagrammes de cas d\'utilisation</h2> <p>(A inclure ultérieurement)</p>  <h2>Annexe B : Cas d\'utilisation</h2> <p>(A inclure ultérieurement)</p>  <h2>Annexe C : Ensembles de champs</h2> <p>(A inclure ultérieurement -  Détailler les champs pour chaque page mentionnée)</p>   <h2>Planning prévisionnel et Budget</h2>  <table>     <tr>         <th>Tâche</th>         <th>Durée (mois)</th>         <th>Budget (€)</th>         <th>Justification</th>     </tr>     <tr>         <td>Plateforme de gestion des polices d’assurance</td>         <td>12</td>         <td>60000</td>         <td>Couvre les salaires des développeurs, les frais d\'infrastructure (serveurs, bases de données), les coûts liés aux tests et à la maintenance.</td>     </tr>     <tr>         <td>Développement de nouveaux produits d’assurance</td>         <td>6</td>         <td>40000</td>         <td>Couvre les salaires des développeurs, les frais de recherche et développement, les tests et l\'intégration avec les systèmes existants.</td>     </tr> </table>  <p><b>Total Budget: 100000€</b></p>  <h2>Technologies</h2> <p><b>Technologies de gestion des données:</b>  Bases de données relationnelles (ex: PostgreSQL) sont choisies pour leur fiabilité et leur capacité à gérer de grands volumes de données structurées.  Des solutions NoSQL peuvent être envisagées pour des types de données spécifiques. </p> <p><b>Python (Backend):</b>  Choisi pour sa robustesse, sa large communauté et ses nombreux frameworks (ex: Django, Flask) adaptés au développement d\'applications web.  Son écosystème riche permet de répondre efficacement aux besoins du projet.</p> <p><b>Vue.js (Frontend):</b>  Framework JavaScript populaire pour la création d\'interfaces utilisateur dynamiques et réactives.  Son choix est justifié par sa facilité d\'utilisation, sa performance et sa flexibilité.</p>  <h2>Contraintes techniques</h2> <p>La sécurité des données est une priorité absolue. Des mesures de sécurité robustes (chiffrement, authentification multi-facteurs, contrôle d\'accès) sont nécessaires pour protéger les informations sensibles des clients et respecter la réglementation GDPR. La conformité aux réglementations sur les assurances (à préciser selon le pays cible) est également une contrainte majeure.</p>  <h2>Conditions de validation du projet</h2> <p>Le projet sera considéré comme validé si la plateforme est fonctionnelle, sécurisée et conforme aux réglementations. La validation inclura des tests rigoureux de sécurité et de conformité aux réglementations sur les assurances.</p>  <h2>Équipe</h2> <p><b>Chef de projet:</b> Da Cruz Jérémy</p> <p><b>Nom de l\'équipe:</b> Equipe Gestionnaire</p> <ul>     <li><b>Jérémy Da Cruz:</b> Développement de nouveaux produits d’assurance</li>     <li><b>Admin (Nom à ajouter):</b> Plateforme de gestion des polices d’assurance</li> </ul>  <p><b>Date de début:</b> 2024-11-08</p> <p><b>Date de fin:</b> 2024-12-27</p>  </body> </html> ', '3c213199-257b-444b-aad9-4ff88357a9f3', 'e8a547a6-1da6-4824-af30-4b1f26acbc5c', 'c61016f6-1bac-4801-bc29-5b931ad15336');
INSERT INTO `cdc` (`id`, `cdc`, `projectId`, `userId`, `teamId`) VALUES
('7b54d5e8-d374-41bd-b2a8-ac0897b4d5cb', ' <!DOCTYPE html> <html lang=\\\"fr\\\"> <head>     <meta charset=\\\"UTF-8\\\">     <meta name=\\\"viewport\\\" content=\\\"width=device-width, initial-scale=1.0\\\">     <title>Cahier des charges - LibraTrack</title>     <style>         body { font-family: sans-serif; }         h1, h2, h3, h4 { color: #333; }         table { width: 100%; border-collapse: collapse; }         th, td { border: 1px solid #ddd; padding: 8px; text-align: left; }         th { background-color: #f2f2f2; }     </style> </head> <body>  <h1>Cahier des charges - LibraTrack : Système de Gestion de Bibliothèque en Ligne</h1>  <h2>1. Préambule</h2>  <h3>1.1. Cession</h3>  Ce document constitue le cahier des charges pour le développement de LibraTrack, un système de gestion de bibliothèque en ligne, destiné à [Nom de l\'organisation bénéficiaire].  <h3>1.2. Champ d\'application</h3>  Ce cahier des charges définit les exigences fonctionnelles et non fonctionnelles pour le développement de LibraTrack. Il couvre la conception, le développement, les tests et la mise en production du système.  <h3>1.3. Définitions, acronymes et abréviations</h3>  * **LibraTrack:** Système de Gestion de Bibliothèque en Ligne. * **UI:** Interface Utilisateur. * **API:** Interface de Programmation d\'Application.   <h3>1.4. Liens</h3>  [Lien vers la documentation technique (si applicable)]  <h2>2. Description générale</h2>  <h3>2.1. Vision du produit</h3>  LibraTrack vise à moderniser la gestion des bibliothèques en proposant une solution en ligne intuitive et efficace pour la gestion du catalogue, des prêts, des réservations et de l\'interaction avec les utilisateurs.  Il répond au besoin croissant d\'accès numérique aux ressources bibliographiques et facilite la gestion administrative des bibliothèques, quel que soit leur volume.  Le projet permettra une meilleure accessibilité aux ressources, une gestion optimisée des prêts et une expérience utilisateur améliorée.  Il permettra aussi une meilleure gestion des stocks et une réduction des tâches administratives manuelles.   <h3>2.2. Interaction du produit avec d\'autres produits et composants</h3>  LibraTrack pourra être intégré à des systèmes de gestion de bibliothèque existants via des API, permettant l\'import/export de données et une synchronisation des informations.  L\'intégration sera étudiée cas par cas en fonction des systèmes utilisés par l\'organisation cliente.  <h3>2.3. Classes d\'utilisateurs et caractéristiques</h3>  * **Utilisateur:** Accès au catalogue, recherche, réservation, emprunt, retour, évaluations, commentaires. * **Administrateur de Projet:** Gestion des projets liés aux livres, commentaires des utilisateurs, gestion des rapports. * **Administrateur Système:** Gestion complète du système, utilisateurs, catalogue, paramètres.  <h3>2.5. Limites de conception et de mise en œuvre</h3>  Le système sera initialement conçu pour gérer un catalogue de 500 000 livres. Des améliorations ultérieures pourront être envisagées pour une plus grande scalabilité.  <h2>3. Exigences fonctionnelles</h2>  <h3>3.1. Bloc fonctionnel « Autorisation »</h3>     <h4>3.1.1. Description et priorité</h4>     Authentification et autorisation des utilisateurs.  Haute priorité.     <h4>3.1.2. Relations de cause à effet</h4>     L\'authentification réussie permet l\'accès aux fonctionnalités du système.     <h4>3.1.3. Exigences fonctionnelles</h4>     * Authentification par email et mot de passe.     * Gestion des mots de passe oubliés.     * Contrôle d\'accès basé sur les rôles utilisateurs.     <h4>3.1.4. Algorithmes</h4>     Utilisation de protocoles standardisés pour la sécurité (ex: HTTPS,  hashage de mot de passe).  <h3>3.2. Bloc fonctionnel « Gestion des comptes utilisateurs système »</h3>     <h4>3.2.1. Description et priorité</h4>     Gestion des utilisateurs par les administrateurs.  Haute priorité.     <h4>3.2.2. Relations de cause à effet</h4>     La gestion des utilisateurs permet de contrôler l\'accès au système.     <h4>3.2.3. Exigences fonctionnelles</h4>     * Création, modification et suppression de comptes utilisateurs.     * Gestion des rôles utilisateurs.     * Recherche d\'utilisateurs.     <h4>3.2.4. Algorithmes</h4>     Gestion des données utilisateurs dans une base de données relationnelle.  <h3>3.3. Bloc fonctionnel « Rapports et tableau de bord »</h3>     <h4>3.3.1. Description et priorité</h4>     Fournir des rapports et tableaux de bord pour l\'analyse des données. Moyenne priorité.     <h4>3.3.3. Exigences fonctionnelles</h4>     * Tableau de bord pour les administrateurs avec des indicateurs clés (nombre d\'utilisateurs, livres empruntés, etc.).     * Rapports sur les prêts, les réservations, et l\'activité des utilisateurs.     * Export des rapports au format CSV et PDF.     <h4>3.3.4. Algorithmes</h4>     Requêtes SQL pour l\'extraction des données et génération des rapports.  <h2>4. Exigences non fonctionnelles</h2>  <h3>4.1. Les interfaces</h3> <h4>Interface utilisateur</h4>     * Interface intuitive et facile à utiliser.     * Accessible sur tous les appareils (ordinateurs, tablettes, smartphones).     * Design responsive.  <h3>4.2. Documentation de l\'utilisateur</h3>     * Manuel d\'utilisation complet et clair.     * Aide en ligne intégrée au système.  <h3>4.3. Exigences en matière de licence</h3>     [Décrire le type de licence utilisée]  <h3>4.4. Mentions légales, droits d\'auteur et autres</h3>     Conformité aux lois sur les données personnelles et le droit d\'auteur.  <h3>4.5. Exigences de performance</h3>     * Temps de réponse inférieur à 2 secondes pour la plupart des opérations.     * Gestion simultanée de plusieurs centaines d\'utilisateurs.  <h3>4.6. Exigences en matière de sécurité</h3>     * Protection contre les attaques par injection SQL et XSS.     * Cryptage des données sensibles.     * Authentification forte.  <h3>4.7. Attributs de qualité</h3>     * Fiabilité, maintenabilité, évolutivité, portabilité.   <h2>Annexe A : Diagrammes de cas d\'utilisation</h2> [Diagrammes à ajouter ici]  <h2>Annexe B : Cas d\'utilisation</h2> [Descriptions détaillées des cas d\'utilisation à ajouter ici]  <h2>Annexe C : Ensembles de champs</h2> [Description des champs pour chaque formulaire à ajouter ici]   <h2>Planning prévisionnel</h2>  <table>     <tr>         <th>Tâche</th>         <th>Durée</th>         <th>Début</th>         <th>Fin</th>     </tr>     <tr>         <td>Authentification utilisateur</td>         <td>1 mois</td>         <td>2024-11-08</td>         <td>2024-12-08</td>     </tr>     <tr>         <td>Catalogue en ligne</td>         <td>2 mois</td>         <td>2024-12-08</td>         <td>2025-02-08</td>     </tr>     <tr>         <td>Système de réservation et d\'emprunt</td>         <td>2 mois</td>         <td>2024-12-08</td>         <td>2025-02-08</td>     </tr>     <tr>         <td>Gestion des retours et notifications</td>         <td>1.5 mois</td>         <td>2025-02-08</td>         <td>2025-03-23</td>     </tr>     <tr>         <td>Tableau de bord pour les administrateurs</td>         <td>1 mois</td>         <td>2025-02-08</td>         <td>2025-03-08</td>     </tr>     <tr>         <td>Intégration avec les systèmes de bibliothèque existants</td>         <td>1.5 mois</td>         <td>2025-03-08</td>         <td>2025-04-23</td>     </tr> </table>  <h2>Budget</h2>  Le budget total est de 120 000€.  La répartition prévisionnelle est la suivante :  * **Développement (60%):** 72 000€ (incluant les salaires des développeurs, les tests et la mise en production). * **Infrastructure (20%):** 24 000€ (hébergement, bases de données, serveurs). * **Gestion de projet (10%):** 12 000€ (salaires du chef de projet et de l\'équipe de gestion). * **Divers (10%):** 12 000€ (licences, imprévus).   <h2>Technologies du projet</h2>  * **Java (Spring Boot):** Choisi pour son écosystème riche, sa maturité, sa performance et sa facilité de développement d\'applications web robustes et scalables.  Spring Boot simplifie considérablement la configuration et le déploiement. * **Angular:** Framework JavaScript pour le développement de l\'interface utilisateur côté client.  Son architecture modulaire et sa facilité d\'utilisation facilitent la création d\'une UI intuitive et responsive. * **MySQL:** Système de gestion de base de données relationnelle robuste et performant, adapté à la gestion d\'un grand volume de données (catalogue de livres).   <h2>Contraintes techniques</h2>  * **Capacité à gérer un catalogue de 500,000 livres:**  La base de données MySQL sera optimisée pour gérer efficacement ce volume de données.  Des index appropriés seront mis en place. * **Interface utilisateur intuitive accessible sur tous les appareils:**  Utilisation d\'Angular pour un design responsive et une expérience utilisateur optimisée sur tous les supports. * **Système de réservation et de retour de livres doit être en temps réel:**  Implémentation d\'une architecture permettant des mises à jour en temps réel de l\'état des livres.  <h2>Conditions de validation du projet</h2>  * **Emprunt et retour sans erreur:**  Taux de succès de 100% pour les opérations d\'emprunt et de retour. * **Gestion des conflits de réservation:**  Taux de résolution de 99% pour les conflits de réservation. * **Notifications de rappel:**  Latence inférieure à 1 minute pour l\'envoi des notifications.   <h2>Équipe</h2>  * **Chef de projet:** Da Cruz Jérémy * **Équipe:** Equipe Gestionnaire     * **Admin:** Authentification utilisateur, système de réservation et d\'emprunt.     * **Jérémy:** Catalogue en ligne, tableau de bord administrateur, intégration avec les systèmes de bibliothèque existants.  </body> </html> ', 'c7dd4544-c901-4e90-8475-992c8e631194', 'e8a547a6-1da6-4824-af30-4b1f26acbc5c', 'c61016f6-1bac-4801-bc29-5b931ad15336'),
('bec25ce5-3b3f-4106-adcf-db0c9075a377', '<h1>&nbsp;Cahier des Charges - League of Skin&nbsp;</h1>\n<h2>Historique des modifications&nbsp;</h2>\n<p>Version 1.0 - 2024-11-08 - Création du document&nbsp;</p>\n<h2>1. Préambule&nbsp;</h2>\n<h3>1.1. Cession&nbsp;</h3>\n<p>Ce document est la propriété de SoulKingTeam et ne peut être reproduit ou distribué sans autorisation.&nbsp;</p>\n<h3>1.2. Champ d\'application&nbsp;</h3>\n<p>Ce cahier des charges s\'applique au projet League of Skin, un site web permettant aux utilisateurs de choisir des ensembles de skins entre amis.&nbsp;</p>\n<h3>1.3. Définitions, acronymes et abréviations&nbsp;&nbsp;</h3>\n<ul>\n<li>API: Application Programming Interface&nbsp;</li>\n<li>Elixir: Langage de programmation fonctionnel&nbsp;</li>\n<li>Phoenix: Framework web pour Elixir&nbsp;&nbsp;</li>\n</ul>\n<h3>1.4. Liens&nbsp;&nbsp;</h3>\n<ul>\n<li><a href=\"https://elixir-lang.org/\" target=\"_self\">Elixir</a>&nbsp;</li>\n<li><a href=\"https://phoenixframework.org/\" target=\"_self\">Phoenix</a>&nbsp;&nbsp;</li>\n</ul>\n<h2>2. Description générale&nbsp;</h2>\n<h3>2.1. Vision du produit&nbsp;</h3>\n<p>League of Skin est un site web innovant permettant aux utilisateurs de choisir des ensembles de skins entre amis. Ce projet vise à faciliter la coordination esthétique dans les jeux en ligne, en particulier ceux où l\'apparence des personnages est importante.&nbsp;</p>\n<h3>2.2. Interaction du produit avec d\'autres produits et composants&nbsp;</h3>\n<p>Le site interagira avec l\'API du jeu pour récupérer les informations sur les skins disponibles et les utilisateurs pourront créer des rooms pour discuter et proposer des ensembles de skins.&nbsp;</p>\n<h3>2.3. Classes d\'utilisateurs et caractéristiques&nbsp;</h3>\n<p>Les utilisateurs principaux seront les joueurs de jeux en ligne qui souhaitent coordonner leurs skins avec leurs amis. Les caractéristiques incluent la sélection de skins, la création de rooms et la proposition d\'ensembles.&nbsp;</p>\n<h3>2.5. Limites de conception et de mise en œuvre&nbsp;</h3>\n<p>Le projet doit respecter les règles du jeu et de son API. La validation du projet sera basée sur la capacité à proposer au moins 5 correspondances possibles.&nbsp;</p>\n<h2>3. Exigences fonctionnelles&nbsp;</h2>\n<h3>3.1. Bloc fonctionnel « Autorisation »&nbsp;</h3>\n<h4>3.1.1. Description et priorité&nbsp;</h4>\n<p>Les utilisateurs doivent pouvoir s\'authentifier pour accéder aux fonctionnalités du site. Priorité haute.&nbsp;</p>\n<h4>3.1.2. Relations de cause à effet&nbsp;</h4>\n<p>L\'authentification est nécessaire pour accéder aux fonctionnalités de sélection de skins et de création de rooms.&nbsp;</p>\n<h4>3.1.3. Exigences fonctionnelles&nbsp;</h4>\n<p>Les utilisateurs doivent pouvoir s\'inscrire, se connecter et se déconnecter.&nbsp;</p>\n<h4>3.1.4. Algorithmes&nbsp;</h4>\n<p>Utilisation de tokens JWT pour l\'authentification.&nbsp;</p>\n<h3>3.2. Bloc fonctionnel « Gestion des comptes utilisateurs système »&nbsp;</h3>\n<h4>3.2.1. Description et priorité&nbsp;</h4>\n<p>Les utilisateurs doivent pouvoir gérer leurs comptes. Priorité haute.&nbsp;</p>\n<h4>3.2.2. Relations de cause à effet&nbsp;</h4>\n<p>La gestion des comptes est nécessaire pour personnaliser l\'expérience utilisateur.&nbsp;</p>\n<h4>3.2.3. Exigences fonctionnelles&nbsp;</h4>\n<p>Les utilisateurs doivent pouvoir modifier leurs informations de profil et gérer leurs préférences.&nbsp;</p>\n<h4>3.2.4. Algorithmes&nbsp;</h4>\n<p>Utilisation de formulaires pour la mise à jour des informations de profil.&nbsp;</p>\n<h3>3.3. Bloc fonction Rapports et tableau de bord&nbsp;</h3>\n<h4>3.3.1. Description et priorité&nbsp;</h4>\n<p>Les utilisateurs doivent pouvoir accéder à des rapports et des tableaux de bord personnalisés. Priorité moyenne.&nbsp;</p>\n<h4>3.3.3. Exigences fonctionnelles&nbsp;</h4>\n<p>Les utilisateurs doivent pouvoir visualiser des statistiques sur leurs ensembles de skins et leurs interactions.&nbsp;</p>\n<h4>3.3.4. Algorithmes&nbsp;</h4>\n<p>Utilisation de graphiques et de tableaux pour afficher les données.&nbsp;</p>\n<h2>4. Exigences non fonctionnelles&nbsp;</h2>\n<h3>4.1. Les interfaces&nbsp;</h3>\n<p>Interface utilisateur: L\'interface doit être intuitive et facile à utiliser.&nbsp;</p>\n<h3>4.2. Documentation de l\'utilisateur&nbsp;</h3>\n<p>Une documentation complète sera fournie pour aider les utilisateurs à comprendre et utiliser le site.&nbsp;</p>\n<h3>4.3. Exigences en matière de licence&nbsp;</h3>\n<p>Le projet sera sous licence open-source.&nbsp;</p>\n<h3>4.4. Mentions légales, droits d\'auteur et autres&nbsp;</h3>\n<p>Le site respectera toutes les mentions légales et les droits d\'auteur.&nbsp;</p>\n<h3>4.5. Exigences de performance&nbsp;</h3>\n<p>Le site doit être capable de gérer un grand nombre d\'utilisateurs simultanément.&nbsp;</p>\n<h3>4.6. Exigences en matière de sécurité&nbsp;</h3>\n<p>Le site doit être sécurisé contre les attaques courantes (XSS, CSRF, etc.).&nbsp;</p>\n<h3>4.7. Attributs de qualité&nbsp;</h3>\n<p>Application: Le site doit être performant, sécurisé et facile à utiliser.&nbsp;</p>\n<h2>Annexe A : Diagrammes de cas d\'utilisation&nbsp;</h2>\n<p>Arbre des problèmes, Théorie du changement (à confirmer)&nbsp;</p>\n<p>Suivi du développement (à confirmer)&nbsp;</p>\n<p>Tableau de bord personnalisé&nbsp;</p>\n<p>Tableau de bord d’administration&nbsp;</p>\n<p>Rapports&nbsp;</p>\n<h2>Annexe B : Cas d\'utilisation&nbsp;</h2>\n<p>Administrateur système VI&nbsp;</p>\n<p>VI Administrateur de projet&nbsp;</p>\n<p>VI du participant au projet&nbsp;</p>\n<p>Tableau de bord personnalisé&nbsp;</p>\n<p>Rapports&nbsp;</p>\n<h2>Annexe C : Ensembles de champs&nbsp;</h2>\n<p>Domicile&nbsp;</p>\n<p>Pages de l\'administrateur système&nbsp;</p>\n<p>Page d\'autorisation de l\'administrateur système&nbsp;</p>\n<p>Page de gestion du compte d\'administrateur de projet&nbsp;</p>\n<p>Page de création de compte d\'administrateur de projet&nbsp;</p>\n<p>Pages d\'administration de projet&nbsp;</p>\n<p>Page d\'autorisation de l\'administrateur de projet&nbsp;</p>\n<p>Page de gestion du compte des membres&nbsp;</p>\n<p>Page avec la liste des projets des participants&nbsp;</p>\n<p>Page de création/édition de programme&nbsp;</p>\n<p>Pages utilisateur&nbsp;</p>\n<p>Page d\'inscription de l\'utilisateur&nbsp;</p>\n<p>Page de vérification du numéro de téléphone&nbsp;</p>\n<p>Page d\'autorisation de l\'utilisateur&nbsp;</p>\n<p>Page - Compte personnel de l\'utilisateur&nbsp;</p>\n<p>Page - Compte d\'utilisateur&nbsp;</p>\n<p>Page - Commentaires de l\'administrateur du projet&nbsp;</p>\n<p>Tableau de bord personnalisé&nbsp;</p>\n<p>Tableau de bord d’administration&nbsp;</p>\n<p>Reporting (trimestriel, financier, social)&nbsp;</p>\n<h2>Planning prévisionnel&nbsp;</h2>\n<p>Sélection de skin: 2 semaines&nbsp;</p>\n<p>Création de room: 3 semaines&nbsp;</p>\n<p>Proposition d\'ensemble: 1 mois&nbsp;</p>\n<p>Date de début: 2024-11-08&nbsp;</p>\n<p>Date de fin: 2025-01-09&nbsp;</p>\n<h2>Budget&nbsp;</h2>\n<p>Budget total: 10K&nbsp;</p>\n<p>Dépenses prévues:&nbsp;&nbsp;</p>\n<ul>\n<li>Développement: 6K&nbsp;</li>\n<li>Hébergement et infrastructure: 2K&nbsp;</li>\n<li>Marketing et promotion: 1K&nbsp;</li>\n<li>Autres frais: 1K&nbsp;&nbsp;</li>\n</ul>\n<h2>Technologies du projet&nbsp;</h2>\n<p>Elixir et Phoenix ont été choisis pour leur performance, leur scalabilité et leur capacité à gérer des applications en temps réel. Elixir est un langage fonctionnel qui permet de créer des applications robustes et évolutives, tandis que Phoenix est un framework web qui facilite le développement d\'applications web en temps réel.&nbsp;</p>\n<h2>Contraintes techniques&nbsp;</h2>\n<p>Le projet doit respecter les règles du jeu et de son API.&nbsp;</p>\n<h2>Condition de validation du projet&nbsp;</h2>\n<p>Pouvoir proposer au moins 5 correspondances possibles.&nbsp;</p>\n<h2>Chef de projet&nbsp;</h2>\n<p>Da Cruz Jérémy&nbsp;</p>\n<h2>Nom de l\'équipe&nbsp;</h2>\n<p>SoulKingTeam&nbsp;</p>\n<h2>Membres de l\'équipe et leurs rôles&nbsp;</h2>\n<p>À définir<br></p>\n', '0dfd13bc-e1a4-4be2-876b-2223de262b26', 'e8a547a6-1da6-4824-af30-4b1f26acbc5c', '8b66844f-3e11-4e6c-a652-dca635f1fa3f'),
('da1e4ed0-8b78-40d5-93ad-46ea4f71744d', ' <!DOCTYPE html> <html lang=\\\"fr\\\"> <head>     <meta charset=\\\"UTF-8\\\">     <meta name=\\\"viewport\\\" content=\\\"width=device-width, initial-scale=1.0\\\">     <title>Cahier des charges TutorPeak</title>     <style>         body { font-family: sans-serif; }         h1, h2, h3, h4 { color: #333; }         table { width: 100%; border-collapse: collapse; }         th, td { border: 1px solid #ddd; padding: 8px; text-align: left; }         th { background-color: #f2f2f2; }     </style> </head> <body>  <h1>Cahier des charges - TutorPeak</h1>  <h2>1. Préambule</h2>  <h3>1.1. Cession</h3> <p>Ce cahier des charges est établi par l\'équipe SoulKingTeam pour le projet TutorPeak, une plateforme connectant parents, étudiants et professeurs particuliers pour des cours de soutien.</p>  <h3>1.2. Champ d\'application</h3> <p>Ce document définit les exigences fonctionnelles et non fonctionnelles du projet TutorPeak, couvrant son développement, sa mise en œuvre et sa maintenance.</p>  <h3>1.3. Définitions, acronymes et abréviations</h3> <ul>     <li><strong>TutorPeak:</strong> Nom du projet.</li>     <li><strong>API:</strong> Interface de Programmation d\'Application.</li>     <li><strong>UI:</strong> Interface Utilisateur.</li>     <li><strong>UX:</strong> Expérience Utilisateur.</li> </ul>  <h3>1.4. Liens</h3> <p>Aucun lien externe pertinent à ce stade.</p>   <h2>2. Description générale</h2>  <h3>2.1. Vision du produit</h3> <p>TutorPeak vise à créer une plateforme intuitive et efficace pour faciliter la mise en relation entre les parents/étudiants et les professeurs particuliers.  Le besoin pour ce projet découle des difficultés rencontrées par les parents à trouver des professeurs compétents et adaptés aux besoins de leurs enfants, ainsi que par les professeurs à trouver des élèves.  TutorPeak offre une solution centralisée et transparente pour gérer l\'ensemble du processus, de la recherche du professeur à l\'évaluation des progrès de l\'élève.</p>  <h3>2.2. Interaction du produit avec d\'autres produits et composants</h3> <p>TutorPeak pourra s\'intégrer à des systèmes de paiement en ligne pour faciliter les transactions entre les professeurs et les parents.  Une intégration avec un système de visioconférence est également envisagée pour permettre des cours à distance.</p>  <h3>2.3. Classes d\'utilisateurs et caractéristiques</h3> <ul>     <li><strong>Parents:</strong> Recherche de professeurs, gestion des profils des enfants, suivi des progrès, paiement des cours.</li>     <li><strong>Etudiants:</strong> Accès à leur profil, communication avec le professeur, suivi des progrès.</li>     <li><strong>Professeurs:</strong> Création de profil, gestion du calendrier de disponibilité, communication avec les élèves et les parents, suivi des progrès des élèves.</li>     <li><strong>Administrateurs:</strong> Gestion de la plateforme, modération des contenus, gestion des utilisateurs, analyses statistiques.</li> </ul>   <h3>2.5. Limites de conception et de mise en œuvre</h3> <p>Dans une première phase, la plateforme se concentrera sur les fonctionnalités de base de mise en relation et de suivi des progrès.  Des fonctionnalités plus avancées, comme la gestion des paiements intégrés et la notation des professeurs, seront développées ultérieurement.</p>   <h2>3. Exigences fonctionnelles</h2>  <h3>3.1. Bloc fonctionnel « Autorisation »</h3>     <h4>3.1.1. Description et priorité</h4>     <p>Système d\'authentification et d\'autorisation sécurisé pour contrôler l\'accès aux différentes fonctionnalités. Haute priorité.</p>     <h4>3.1.2. Relations de cause à effet</h4>     <p>Un système d\'autorisation robuste est crucial pour garantir la sécurité des données et l\'intégrité de la plateforme.</p>     <h4>3.1.3. Exigences fonctionnelles</h4>     <ul>         <li>Authentification par email et mot de passe.</li>         <li>Gestion des rôles et des permissions (parent, étudiant, professeur, administrateur).</li>         <li>Protection contre les tentatives d\'intrusion.</li>     </ul>     <h4>3.1.4. Algorithmes</h4>     <p>Utilisation de protocoles d\'authentification standardisés et de techniques de chiffrement des données sensibles (ex: bcrypt pour le hashage des mots de passe).</p>   <h3>3.2. Bloc fonctionnel « Gestion des comptes utilisateurs système »</h3>     <h4>3.2.1. Description et priorité</h4>     <p>Gestion complète des comptes utilisateurs (création, modification, suppression). Haute priorité.</p>     <h4>3.2.2. Relations de cause à effet</h4>     <p>Une gestion efficace des comptes utilisateurs est indispensable pour le bon fonctionnement de la plateforme.</p>     <h4>3.2.3. Exigences fonctionnelles</h4>     <ul>         <li>Création de comptes pour les parents, étudiants et professeurs.</li>         <li>Validation des comptes par email.</li>         <li>Gestion des informations de profil (photos, coordonnées, etc.).</li>         <li>Gestion des mots de passe (modification, réinitialisation).</li>     </ul>     <h4>3.2.4. Algorithmes</h4>     <p>Algorithmes de hachage pour le stockage sécurisé des mots de passe.  Gestion robuste des sessions utilisateur.</p>   <h3>3.3. Bloc fonctionnel « Rapports et tableau de bord »</h3>     <h4>3.3.1. Description et priorité</h4>     <p>Fournir des tableaux de bord et des rapports pour le suivi de l\'activité et des performances. Moyenne priorité (pour la version initiale).</p>     <h4>3.3.3. Exigences fonctionnelles</h4>     <ul>         <li>Tableau de bord pour les administrateurs, affichant les statistiques clés (nombre d\'utilisateurs, nombre de cours, etc.).</li>         <li>Rapports sur l\'activité des utilisateurs.</li>     </ul>     <h4>3.3.4. Algorithmes</h4>     <p>Algorithmes de génération de rapports et d\'agrégation de données à partir de la base de données.</p>   <h2>4. Exigences non fonctionnelles</h2>  <h3>4.1. Les interfaces</h3> <h4>Interface utilisateur</h4> <p>L\'interface utilisateur doit être intuitive, ergonomique et facile à utiliser pour tous les types d\'utilisateurs.  Design clair et responsive.</p>  <h3>4.2. Documentation de l\'utilisateur</h3> <p>Fournir une documentation complète et accessible pour les parents, les étudiants et les professeurs.</p>  <h3>4.3. Exigences en matière de licence</h3> <p>Licence propriétaire (à définir).</p>  <h3>4.4. Mentions légales, droits d\'auteur et autres</h3> <p>Conformité aux lois et réglementations en vigueur.</p>  <h3>4.5. Exigences de performance</h3> <p>Temps de réponse rapide, haute disponibilité et scalabilité du système.  Gestion efficace des pics de charge (périodes scolaires).</p>  <h3>4.6. Exigences en matière de sécurité</h3> <p>Sécurité robuste contre les attaques courantes (injection SQL, XSS, etc.).  Protection des données personnelles des utilisateurs.</p>  <h3>4.7. Attributs de qualité</h3> <p>Fiabilité, maintenabilité, évolutivité et portabilité.</p>   <h2>Annexe A : Diagrammes de cas d\'utilisation</h2> <p>(A inclure ultérieurement)</p>  <h2>Annexe B : Cas d\'utilisation</h2> <p>(A inclure ultérieurement)</p>  <h2>Annexe C : Ensembles de champs</h2> <p>(A inclure ultérieurement -  Détailler les champs pour chaque page mentionnée)</p>   <h2>Planning prévisionnel et Budget</h2>  <table>     <tr>         <th>Tâche</th>         <th>Durée (mois)</th>         <th>Budget (€)</th>         <th>Justification</th>     </tr>     <tr>         <td>Mise en relation de parents et d’étudiants avec des professeurs particuliers</td>         <td>6</td>         <td>45000</td>         <td>Couvre le développement du cœur de la plateforme, incluant la recherche de professeurs, la gestion des profils et la communication entre utilisateurs.</td>     </tr>     <tr>         <td>Suivi des progrès des élèves</td>         <td>4</td>         <td>30000</td>         <td>Couvre le développement des fonctionnalités de suivi des progrès, incluant les outils de suivi pour les professeurs et les parents.</td>     </tr> </table>  <p><b>Total Budget: 75000€</b></p>  <h2>Technologies</h2> <p><b>C# (Backend):</b> Choisi pour sa robustesse, sa performance et son intégration avec le framework .NET.  Son écosystème mature et sa large communauté facilitent le développement et la maintenance.</p> <p><b>Ember.js (Frontend):</b> Framework JavaScript orienté convention sur la création d\'applications web robustes et maintenables.  Son architecture favorise la modularité et la testabilité.</p>  <h2>Contraintes techniques</h2> <p>La qualité de l\'expérience utilisateur est primordiale. La plateforme doit être intuitive et facile à utiliser pour tous les types d\'utilisateurs.  La sécurité des données, la confidentialité et la protection des informations personnelles sont également des contraintes majeures.</p>  <h2>Conditions de validation du projet</h2> <p>Le projet sera considéré comme validé si les objectifs suivants sont atteints : amélioration vérifiable des performances scolaires des élèves (mesurable par des tests ou des évaluations), adoption significative par les parents, les étudiants et les professeurs (mesurable par le nombre d\'utilisateurs actifs et la satisfaction des utilisateurs).</p>  <h2>Équipe</h2> <p><b>Chef de projet:</b> Da Cruz Jérémy</p> <p><b>Nom de l\'équipe:</b> SoulKingTeam</p> <ul>     <li><b>Jérémy Da Cruz:</b> Développement complet (backend et frontend)</li> </ul>  <p><b>Date de début:</b> 2025-04-01</p> <p><b>Date de fin:</b> 2026-02-01</p>  </body> </html> ', 'efa1c9a7-4ee2-48d3-8e45-051a52956e58', 'e8a547a6-1da6-4824-af30-4b1f26acbc5c', '8b66844f-3e11-4e6c-a652-dca635f1fa3f'),
('daec1174-3507-46f2-a5ac-63b8cf1b1414', ' <!DOCTYPE html> <html lang=\\\"fr\\\"> <head>     <meta charset=\\\"UTF-8\\\">     <meta name=\\\"viewport\\\" content=\\\"width=device-width, initial-scale=1.0\\\">     <title>Cahier des charges BlockBegin</title>     <style>         body { font-family: sans-serif; }         h1, h2, h3, h4 { color: #333; }         table { width: 100%; border-collapse: collapse; }         th, td { border: 1px solid #ddd; padding: 8px; text-align: left; }         th { background-color: #f2f2f2; }     </style> </head> <body>  <h1>Cahier des charges - BlockBegin</h1>  <h2>1. Préambule</h2>  <h3>1.1. Cession</h3> <p>Ce cahier des charges est établi par l\'équipe HackTime pour le projet BlockBegin, une solution dédiée aux développeurs et aux entreprises souhaitant créer des applications Blockchain.</p>  <h3>1.2. Champ d\'application</h3> <p>Ce document définit les exigences fonctionnelles et non fonctionnelles du projet BlockBegin, couvrant son développement, sa mise en œuvre et sa maintenance.</p>  <h3>1.3. Définitions, acronymes et abréviations</h3> <ul>     <li><strong>BlockBegin:</strong> Nom du projet.</li>     <li><strong>API:</strong> Interface de Programmation d\'Application.</li>     <li><strong>UI:</strong> Interface Utilisateur.</li>     <li><strong>UX:</strong> Expérience Utilisateur.</li>     <li><strong>DApp:</strong> Application Décentralisée.</li> </ul>  <h3>1.4. Liens</h3> <p>Aucun lien externe pertinent à ce stade.</p>   <h2>2. Description générale</h2>  <h3>2.1. Vision du produit</h3> <p>BlockBegin vise à simplifier et accélérer le développement d\'applications Blockchain.  La plateforme offrira un environnement de développement intégré (IDE) intuitif, des outils de déploiement rapides et une infrastructure scalable pour gérer la complexité inhérente à la technologie Blockchain.  Notre objectif est de permettre aux développeurs, même sans expertise approfondie en Blockchain, de créer et déployer des DApps performantes et sécurisées.</p>  <h3>2.2. Interaction du produit avec d\'autres produits et composants</h3> <p>BlockBegin pourra s\'intégrer avec différents réseaux Blockchain (Ethereum, Polygon, etc.) via des API.  Des intégrations futures avec des plateformes de gestion de portefeuilles cryptographiques sont envisagées.</p>  <h3>2.3. Classes d\'utilisateurs et caractéristiques</h3> <ul>     <li><strong>Développeurs:</strong> Accès à l\'IDE, outils de développement, déploiement et monitoring des DApps.</li>     <li><strong>Administrateurs système:</strong> Gestion des utilisateurs, surveillance de l\'infrastructure, configuration du système.</li>     <li><strong>Administrateurs de projet:</strong> Gestion de projets, affectation des tâches, suivi du développement.</li> </ul>   <h3>2.5. Limites de conception et de mise en œuvre</h3> <p>Le projet se concentrera initialement sur le support d\'Ethereum et Polygon.  L\'intégration d\'autres réseaux Blockchain sera envisagée dans les versions futures.  La complexité de la gestion des clés privées et la sécurité des données seront des aspects critiques.</p>   <h2>3. Exigences fonctionnelles</h2>  <h3>3.1. Bloc fonctionnel « Autorisation »</h3>     <h4>3.1.1. Description et priorité</h4>     <p>Système d\'authentification et d\'autorisation robuste pour contrôler l\'accès aux différentes fonctionnalités du système.  Haute priorité.</p>     <h4>3.1.2. Relations de cause à effet</h4>     <p>Un système d\'autorisation fiable est indispensable pour garantir la sécurité des données et le bon fonctionnement du système.</p>     <h4>3.1.3. Exigences fonctionnelles</h4>     <ul>         <li>Authentification par email et mot de passe.</li>         <li>Authentification à deux facteurs (2FA).</li>         <li>Gestion des rôles et permissions.</li>     </ul>     <h4>3.1.4. Algorithmes</h4>     <p>Utilisation de protocoles d\'authentification standardisés et chiffrement des données sensibles.</p>   <h3>3.2. Bloc fonctionnel « Gestion des comptes utilisateurs système »</h3>     <h4>3.2.1. Description et priorité</h4>     <p>Permettre la création, la gestion et la suppression de comptes utilisateurs.  Haute priorité.</p>     <h4>3.2.2. Relations de cause à effet</h4>     <p>Une gestion efficace des comptes utilisateurs est essentielle pour le contrôle d\'accès et l\'administration du système.</p>     <h4>3.2.3. Exigences fonctionnelles</h4>     <ul>         <li>Création de différents types de comptes (développeur, administrateur, etc.).</li>         <li>Modification des informations de compte.</li>         <li>Suppression de comptes.</li>     </ul>     <h4>3.2.4. Algorithmes</h4>     <p>Algorithmes de hachage pour le stockage sécurisé des mots de passe.</p>   <h3>3.3. Bloc fonctionnel « Rapports et tableau de bord »</h3>     <h4>3.3.1. Description et priorité</h4>     <p>Fournir des tableaux de bord et des rapports pour le suivi de l\'activité du système. Moyenne priorité.</p>     <h4>3.3.3. Exigences fonctionnelles</h4>     <ul>         <li>Tableau de bord d\'administration pour la surveillance globale du système.</li>         <li>Tableaux de bord personnalisés pour les développeurs et les administrateurs de projet.</li>         <li>Rapports d\'activité (déploiements, erreurs, etc.).</li>     </ul>     <h4>3.3.4. Algorithmes</h4>     <p>Algorithmes de génération de rapports et d\'agrégation de données.</p>   <h2>4. Exigences non fonctionnelles</h2>  <h3>4.1. Les interfaces</h3> <h4>Interface utilisateur</h4> <p>L\'interface utilisateur doit être intuitive, ergonomique et accessible à tous les types d\'utilisateurs.  Design moderne et responsive.</p>  <h3>4.2. Documentation de l\'utilisateur</h3> <p>Fournir une documentation complète et facile à comprendre, incluant des tutoriels et une FAQ.</p>  <h3>4.3. Exigences en matière de licence</h3> <p>Licence propriétaire (à définir).</p>  <h3>4.4. Mentions légales, droits d\'auteur et autres</h3> <p>Conformité aux lois et réglementations en vigueur.</p>  <h3>4.5. Exigences de performance</h3> <p>Temps de réponse rapide, haute disponibilité et scalabilité du système.</p>  <h3>4.6. Exigences en matière de sécurité</h3> <p>Sécurité robuste contre les attaques courantes (injection SQL, XSS, etc.).  Chiffrement des données sensibles.</p>  <h3>4.7. Attributs de qualité</h3> <p>Fiabilité, maintenabilité, évolutivité et portabilité.</p>   <h2>Annexe A : Diagrammes de cas d\'utilisation</h2> <p>(A inclure ultérieurement)</p>  <h2>Annexe B : Cas d\'utilisation</h2> <p>(A inclure ultérieurement)</p>  <h2>Annexe C : Ensembles de champs</h2> <p>(A inclure ultérieurement -  Détailler les champs pour chaque page mentionnée)</p>   <h2>Planning prévisionnel et Budget</h2>  <table>     <tr>         <th>Tâche</th>         <th>Durée (mois)</th>         <th>Budget (€)</th>         <th>Justification</th>     </tr>     <tr>         <td>Développement d’applications décentralisées</td>         <td>10</td>         <td>25000</td>         <td>Couvre les salaires des développeurs, les frais d\'infrastructure et les coûts liés aux tests.</td>     </tr>     <tr>         <td>Scalabilité et rapidité de déploiement</td>         <td>10</td>         <td>25000</td>         <td>Couvre les coûts liés à l\'optimisation de l\'infrastructure, les outils de déploiement et les tests de performance.</td>     </tr> </table>  <p><b>Total Budget: 50000€</b></p>  <h2>Technologies</h2> <p><b>Blockchain:</b>  Ethereum et Polygon sont choisis pour leur maturité, leur large adoption et leur écosystème riche. Ethereum est un choix solide pour la création de contrats intelligents et d\'applications décentralisées, tandis que Polygon offre une solution de scalabilité pour améliorer les performances et réduire les coûts de transaction. </p> <p><b>Solidity:</b>  Langage de programmation principal pour le développement de contrats intelligents sur Ethereum et compatibles avec Polygon. Son choix est justifié par sa popularité, sa compatibilité avec l\'écosystème Ethereum et sa documentation étendue.</p>  <h2>Contraintes techniques</h2> <p>La complexité de la technologie Blockchain exige une expertise technique approfondie et un processus de développement rigoureux. La sécurité est une priorité absolue, nécessitant des tests approfondis et l\'implémentation de mécanismes de sécurité robustes pour protéger les données et les actifs numériques des utilisateurs.</p>  <h2>Conditions de validation du projet</h2> <p>Le projet sera considéré comme validé si les applications développées sont fonctionnelles, sécurisées et répondent aux exigences définies dans ce cahier des charges.  L\'adoption par les développeurs et les entreprises sera un indicateur clé de succès.</p>  <h2>Équipe</h2> <p><b>Chef de projet:</b> Da Cruz Jérémy</p> <p><b>Nom de l\'équipe:</b> HackTime</p> <ul>     <li><b>Jérémy Da Cruz:</b> Développement d’applications décentralisées</li>     <li><b>Mathieu (Nom de famille à ajouter):</b> Scalabilité et rapidité de déploiement</li> </ul>  <p><b>Date de début:</b> 2024-11-22</p> <p><b>Date de fin:</b> 2026-01-08</p>  </body> </html> ', '8f282a0c-c7a4-4eda-96b4-71ddc8b002c2', 'e8a547a6-1da6-4824-af30-4b1f26acbc5c', '3eb6385c-cd3b-49d2-9b22-4fc02791e779'),
('f6962f83-d086-437a-91d5-cafcf7bf92c1', ' <!DOCTYPE html> <html lang=\\\"fr\\\"> <head>     <meta charset=\\\"UTF-8\\\">     <meta name=\\\"viewport\\\" content=\\\"width=device-width, initial-scale=1.0\\\">     <title>Cahier des charges - Drone Juice Integration</title>     <style>         body { font-family: sans-serif; }         h1, h2, h3 { color: #333; }         section { margin-bottom: 2em; }     </style> </head> <body>  <h1>Cahier des charges - Drone Juice Integration</h1>  <section>     <h2>1. Préambule</h2>     <h3>1.1. Cession</h3>     <p>Ce document définit les spécifications fonctionnelles et non fonctionnelles du projet \\\"Drone Juice Integration\\\", un logiciel de vol embarqué open source.  Ce cahier des charges est remis à [Nom du client] par l\'équipe HackTime.</p>      <h3>1.2. Champ d\'application</h3>     <p>Ce document décrit les fonctionnalités, les exigences techniques et les contraintes du logiciel Drone Juice Integration. Il couvre le développement de l\'application bureau, son intégration avec différents types de drones et la documentation utilisateur.</p>      <h3>1.3. Définitions, acronymes et abréviations</h3>     <ul>         <li><strong>RTH:</strong> Return To Home (Retour à la maison)</li>         <li><strong>API:</strong> Application Programming Interface</li>         <li><strong>UI:</strong> User Interface (Interface Utilisateur)</li>     </ul>      <h3>1.4. Liens</h3>     <p> [Liens vers documents annexes (si applicables)]</p> </section>  <section>     <h2>2. Description générale</h2>     <h3>2.1. Vision du produit</h3>     <p>Drone Juice Integration vise à créer un logiciel de vol embarqué open source, flexible et modulaire, compatible avec une large gamme de drones (multirotors, ailes volantes, planeurs...).  L\'objectif est de fournir une solution unique et personnalisable, évitant aux utilisateurs de devoir apprendre et utiliser des logiciels spécifiques à chaque modèle de drone.  Le logiciel sera distribué sous une licence open-source (à préciser), permettant à la communauté de contribuer à son développement et son amélioration.</p>      <h3>2.2. Interaction du produit avec d\'autres produits et composants</h3>     <p>Le logiciel interagira directement avec le matériel du drone via une liaison série (protocole à spécifier).  L\'application bureau permettra de générer le code de vol à injecter dans le drone.  Des extensions pourront être développées pour ajouter des fonctionnalités spécifiques à certains modèles de drones ou capteurs.</p>      <h3>2.3. Classes d\'utilisateurs et caractéristiques</h3>     <ul>         <li><strong>Développeurs:</strong> Accès complet au code source pour créer des extensions personnalisées.</li>         <li><strong>Utilisateurs finaux:</strong>  Accès à l\'application bureau pour générer et injecter le logiciel de vol.</li>         <li><strong>Administrateurs système (optionnel):</strong>  Gestion des mises à jour et des utilisateurs (si une plateforme en ligne est développée).</li>     </ul>      <h3>2.5. Limites de conception et de mise en œuvre</h3>     <p>Le logiciel ne sera pas compatible avec tous les modèles de drones existants.  La compatibilité dépendra de l\'interface de communication du drone et de la disponibilité des données nécessaires au pilotage. La gestion de drones à plus de 8 rotors nécessitera des adaptations spécifiques.</p> </section>  <section>     <h2>3. Exigences fonctionnelles</h2>     <h3>3.1. Bloc fonctionnel « Autorisation »</h3>         <h4>3.1.1. Description et priorité</h4>         <p>Authentification et autorisation des utilisateurs pour accéder aux fonctionnalités du logiciel.  Haute priorité.</p>         <h4>3.1.2. Relations de cause à effet</h4>         <p>L\'authentification réussie permet l\'accès aux fonctionnalités du logiciel.  Une authentification échouée bloque l\'accès.</p>         <h4>3.1.3. Exigences fonctionnelles</h4>         <ul>             <li>Système d\'authentification sécurisé (mot de passe, authentification à deux facteurs optionnel).</li>             <li>Gestion des rôles et permissions utilisateurs.</li>         </ul>         <h4>3.1.4. Algorithmes</h4>         <p>[Description des algorithmes d\'authentification et de gestion des permissions]</p>      <h3>3.2. Bloc fonctionnel « Gestion des comptes utilisateurs système »</h3>         <h4>3.2.1. Description et priorité</h4>         <p>Gestion des utilisateurs du logiciel (création, modification, suppression de comptes). Moyenne priorité (seulement si une plateforme en ligne est intégrée).</p>         <h4>3.2.2. Relations de cause à effet</h4>         <p>La création de comptes permet aux utilisateurs d\'accéder au logiciel.  La suppression de comptes empêche l\'accès.</p>         <h4>3.2.3. Exigences fonctionnelles</h4>         <ul>             <li>Création de comptes utilisateurs avec gestion des rôles.</li>             <li>Modification des informations des comptes utilisateurs.</li>             <li>Suppression de comptes utilisateurs.</li>         </ul>         <h4>3.2.4. Algorithmes</h4>         <p>[Description des algorithmes de gestion des comptes utilisateurs]</p>       <h3>3.3. Bloc fonctionnel « Rapports et tableau de bord »</h3>         <h4>3.3.1. Description et priorité</h4>         <p>Fournir des rapports sur les données de vol et un tableau de bord pour la visualisation des données. Basse priorité (à développer ultérieurement).</p>         <h4>3.3.3. Exigences fonctionnelles</h4>         <ul>             <li>Génération de rapports de vol (durée, distance, altitude...).</li>             <li>Tableau de bord pour la visualisation des données en temps réel (si applicable).</li>         </ul>         <h4>3.3.4. Algorithmes</h4>         <p>[Description des algorithmes de génération de rapports]</p> </section>  <section>     <h2>4. Exigences non fonctionnelles</h2>     <h3>4.1. Les interfaces</h3>     <h4>Interface utilisateur</h4>     <p>L\'interface utilisateur de l\'application bureau doit être intuitive et facile à utiliser, même pour des utilisateurs non expérimentés.  Elle devra être disponible en français et anglais.</p>      <h3>4.2. Documentation de l\'utilisateur</h3>     <p>Un manuel d\'utilisation complet et clair sera fourni, couvrant l\'installation, la configuration et l\'utilisation du logiciel.</p>      <h3>4.3. Exigences en matière de licence</h3>     <p>Le logiciel sera distribué sous licence [Préciser la licence Open Source (ex: GPL, MIT...)].</p>      <h3>4.4. Mentions légales, droits d\'auteur et autres</h3>     <p>Les mentions légales, les droits d\'auteur et les autres informations légales seront clairement indiquées dans le logiciel et la documentation.</p>      <h3>4.5. Exigences de performance</h3>     <p>Le logiciel devra fonctionner de manière fluide et réactive, même avec de grandes quantités de données.  Des tests de performance seront effectués pour garantir la qualité.</p>      <h3>4.6. Exigences en matière de sécurité</h3>     <p>Le logiciel devra être sécurisé contre les attaques malveillantes.  Des mesures de sécurité appropriées seront mises en place pour protéger les données des utilisateurs.</p>      <h3>4.7. Attributs de qualité</h3>     <p>Le logiciel doit être fiable, robuste, maintenable et extensible. Le code doit être bien documenté et suivre les bonnes pratiques de développement.</p> </section>  <section>     <h2>Planning prévisionnel</h2>     <ul>         <li>Recherche et implémentation de trois modèles de vols génériques: 9 mois (2024-11-22 au 2025-08-22)</li>         <li>Implémentation Track & Follow: 2 semaines (2025-08-22 au 2025-09-05)</li>         <li>Tests et validation client: 1 semaine (2025-09-05 au 2025-09-08)</li>      </ul>     <p><strong>Date de début:</strong> 2024-11-22</p>     <p><strong>Date de fin:</strong> 2025-09-08</p> </section>  <section>     <h2>Budget</h2>     <p><strong>Budget total estimé:</strong> 50,000 - 150,000 USD</p>     <p><strong>Répartition estimée du budget:</strong></p>     <ul>         <li>Salaires des développeurs (Jérémy et Mathieu): 50% (25,000 - 75,000 USD)</li>         <li>Matériel et logiciels: 10% (5,000 - 15,000 USD)</li>         <li>Tests et validation: 10% (5,000 - 15,000 USD)</li>         <li>Documentation et support: 5% (2,500 - 7,500 USD)</li>         <li> imprévus: 25% (12,500 - 37,500 USD) </li>     </ul>     <p>La fourchette de budget tient compte des incertitudes liées au développement logiciel et aux possibles ajustements nécessaires pendant le processus. Les imprévus couvrent les potentielles difficultés lors de l\'intégration des modèles de vol et les adaptations éventuelles au matériel des drones.</p>  </section>  <section>     <h2>Technologies</h2>     <ul>         <li><strong>React Native:</strong> Développement de l\'application bureau, choix pertinent pour le développement cross-plateforme (Windows, macOS, Linux).</li>         <li><strong>Java:</strong>  Langage robuste et performant pour le développement de la partie logicielle embarquée dans le drone.  Grand choix de librairies existantes pour les systèmes embarqués.</li>         <li><strong>Spring Boot:</strong> Cadre Java facilitant le développement d\'API REST pour la communication entre l\'application bureau et les données du vol (si une plateforme web est développée).</li>         <li><strong>MySQL:</strong> Base de données relationnelle pour stocker les données de vol et les informations utilisateur (seulement si une plateforme web est développée).</li>         <li><strong>Docker:</strong>  Facilite le déploiement et la gestion du logiciel, garantissant la cohérence de l\'environnement de développement et de production.</li>     </ul> </section>  <section>     <h2>Contraintes techniques</h2>     <p>Aucune contrainte technique majeure n\'est identifiée à ce stade.</p> </section>  <section>     <h2>Condition de validation du projet</h2>     <p>Le projet sera validé après des tests complets par le client, couvrant toutes les fonctionnalités et les cas d\'utilisation définis dans ce cahier des charges.</p> </section>  <section>     <h2>Équipe</h2>     <p><strong>Chef de projet:</strong> Da Cruz Jérémy</p>     <p><strong>Nom de l\'équipe:</strong> HackTime</p>     <ul>         <li><strong>Jérémy Da Cruz:</strong> Développement des modèles de vol et gestion de projet.</li>         <li><strong>Mathieu [Nom de famille]:</strong> Développement des modèles de vol et implémentation Track & Follow.</li>     </ul> </section>  <!--  Annexes (à développer ultérieurement avec plus de détails) --> <section>     <h2>Annexes</h2>     <p> (Annexes A, B, C à compléter avec les diagrammes, cas d\'utilisation et ensembles de champs détaillés.) </p> </section>  </body> </html> ', '32825337-0288-4cd6-b7a5-1ac7f4ebf389', 'e8a547a6-1da6-4824-af30-4b1f26acbc5c', '3eb6385c-cd3b-49d2-9b22-4fc02791e779');
INSERT INTO `cdc` (`id`, `cdc`, `projectId`, `userId`, `teamId`) VALUES
('fd7747d4-5f75-46b9-85cc-97686bf9da3c', ' <!DOCTYPE html> <html lang=\\\"fr\\\"> <head>     <meta charset=\\\"UTF-8\\\">     <meta name=\\\"viewport\\\" content=\\\"width=device-width, initial-scale=1.0\\\">     <title>Cahier des charges - RecycleSmart</title>     <style>         body { font-family: sans-serif; }         h1, h2, h3, h4 { color: #333; }         table { width: 100%; border-collapse: collapse; }         th, td { border: 1px solid #ddd; padding: 8px; text-align: left; }         th { background-color: #f2f2f2; }     </style> </head> <body>  <h1>Cahier des charges - RecycleSmart : Système de Gestion des Déchets avec Reconnaissance d\'Images</h1>  <h2>1. Préambule</h2>  <h3>1.1. Cession</h3>  Ce document constitue le cahier des charges pour le développement de RecycleSmart, un système de gestion des déchets intégrant la reconnaissance d\'images, destiné à [Nom de l\'organisation bénéficiaire ou public cible].  <h3>1.2. Champ d\'application</h3>  Ce cahier des charges définit les exigences fonctionnelles et non fonctionnelles pour le développement de RecycleSmart. Il couvre la conception, le développement, les tests et la mise en production du système.  <h3>1.3. Définitions, acronymes et abréviations</h3>  * **RecycleSmart:** Système de Gestion des Déchets avec Reconnaissance d\'Images. * **UI:** Interface Utilisateur. * **API:** Interface de Programmation d\'Application. * **GPS:** Global Positioning System.   <h3>1.4. Liens</h3>  [Lien vers la documentation technique (si applicable)]  <h2>2. Description générale</h2>  <h3>2.1. Vision du produit</h3>  RecycleSmart vise à faciliter et encourager le recyclage des déchets grâce à une application mobile intuitive et accessible à tous.  En utilisant la reconnaissance d\'images, l\'application identifie les types de déchets, fournit des informations sur leur recyclage et localise les centres de collecte les plus proches.  La gamification encourage une participation active et contribue à une meilleure gestion des déchets au niveau individuel et collectif.  Le besoin de ce projet découle de la nécessité croissante de sensibiliser la population au recyclage et de simplifier le processus, contribuant ainsi à la protection de l\'environnement et à une gestion plus durable des ressources.  <h3>2.2. Interaction du produit avec d\'autres produits et composants</h3>  RecycleSmart interagira avec des API de cartographie (ex: Google Maps) pour la localisation des centres de recyclage et pourra potentiellement s\'intégrer à des systèmes de gestion des déchets municipaux pour une synchronisation des données sur les collectes.  <h3>2.3. Classes d\'utilisateurs et caractéristiques</h3>  * **Utilisateur:**  Prise de photos de déchets, identification, conseils de recyclage, localisation des centres de recyclage, suivi de son activité de recyclage, accès aux récompenses. * **Administrateur:** Gestion des données, ajout/modification des informations sur le recyclage, gestion des centres de recyclage,  analyse des statistiques d\'utilisation.   <h3>2.5. Limites de conception et de mise en œuvre</h3>  Le système sera initialement conçu pour identifier les types de déchets les plus courants.  L\'extension de la base de données des déchets et l\'amélioration de l\'algorithme de reconnaissance seront envisagées dans des versions futures.  <h2>3. Exigences fonctionnelles</h2>  <h3>3.1. Bloc fonctionnel « Autorisation »</h3>     <h4>3.1.1. Description et priorité</h4>     Authentification et autorisation des utilisateurs. Haute priorité.     <h4>3.1.2. Relations de cause à effet</h4>     L\'authentification réussie permet l\'accès aux fonctionnalités de l\'application.     <h4>3.1.3. Exigences fonctionnelles</h4>     * Authentification par email et mot de passe.     * Inscription facile et rapide.     * Gestion des mots de passe oubliés.     <h4>3.1.4. Algorithmes</h4>     Utilisation de protocoles standardisés pour la sécurité (ex: HTTPS,  hashage de mot de passe).  <h3>3.2. Bloc fonctionnel « Gestion des comptes utilisateurs système »</h3>     <h4>3.2.1. Description et priorité</h4>     Gestion des utilisateurs par l\'administrateur. Moyenne priorité.     <h4>3.2.2. Relations de cause à effet</h4>     La gestion des utilisateurs permet de contrôler l\'accès au système et de suivre l\'activité des utilisateurs.     <h4>3.2.3. Exigences fonctionnelles</h4>     * Création, modification et suppression de comptes utilisateurs par l\'administrateur.     * Possibilité de consulter les statistiques d\'utilisation de chaque utilisateur.     <h4>3.2.4. Algorithmes</h4>     Gestion des données utilisateurs dans une base de données.  <h3>3.3. Bloc fonctionnel « Rapports et tableau de bord »</h3>     <h4>3.3.1. Description et priorité</h4>     Fournir des rapports et tableaux de bord pour l\'analyse des données. Moyenne priorité.     <h4>3.3.3. Exigences fonctionnelles</h4>     * Tableau de bord pour l\'administrateur avec des indicateurs clés (nombre d\'utilisateurs, déchets identifiés, etc.).     * Rapports sur l\'activité des utilisateurs et les types de déchets.     <h4>3.3.4. Algorithmes</h4>     Requêtes sur la base de données pour l\'extraction et la génération de rapports.  <h2>4. Exigences non fonctionnelles</h2>  <h3>4.1. Les interfaces</h3> <h4>Interface utilisateur</h4>     * Interface intuitive et facile à utiliser, adaptée à tous les types d\'utilisateurs.     * Design ergonomique et attractif.     * Compatible avec les smartphones Android et iOS.   <h3>4.2. Documentation de l\'utilisateur</h3>     * Manuel d\'utilisation complet et clair.     * Aide en ligne intégrée à l\'application.  <h3>4.3. Exigences en matière de licence</h3>     [Décrire le type de licence utilisée (ex: open source, licence propriétaire)]  <h3>4.4. Mentions légales, droits d\'auteur et autres</h3>     Conformité aux lois sur les données personnelles et le droit d\'auteur.  <h3>4.5. Exigences de performance</h3>     * Temps de réponse inférieur à 3 secondes pour l\'identification des déchets.     * Fonctionnement stable et fiable.  <h3>4.6. Exigences en matière de sécurité</h3>     * Protection des données des utilisateurs.     * Sécurité des données sensibles.  <h3>4.7. Attributs de qualité</h3>     * Fiabilité, maintenabilité, évolutivité, portabilité.   <h2>Annexe A : Diagrammes de cas d\'utilisation</h2> [Diagrammes à ajouter ici]  <h2>Annexe B : Cas d\'utilisation</h2> [Descriptions détaillées des cas d\'utilisation à ajouter ici]  <h2>Annexe C : Ensembles de champs</h2> [Description des champs pour chaque formulaire à ajouter ici]   <h2>Planning prévisionnel</h2>  <table>     <tr>         <th>Tâche</th>         <th>Durée</th>         <th>Début</th>         <th>Fin</th>     </tr>     <tr>         <td>Authentification utilisateur</td>         <td>1 mois</td>         <td>2024-11-08</td>         <td>2024-12-08</td>     </tr>     <tr>         <td>Reconnaissance d\'images pour le recyclage</td>         <td>2 mois</td>         <td>2024-12-08</td>         <td>2025-02-08</td>     </tr>     <tr>         <td>Conseils personnalisés de recyclage</td>         <td>1 mois</td>         <td>2025-02-08</td>         <td>2025-03-08</td>     </tr>     <tr>         <td>Suivi et historique des recyclages</td>         <td>1 mois</td>         <td>2025-03-08</td>         <td>2025-04-08</td>     </tr>     <tr>         <td>Interface utilisateur</td>         <td>1 mois</td>         <td>2025-04-08</td>         <td>2025-05-08</td>     </tr> </table>  <h2>Budget</h2>  Le budget total est de 100 000$.  La répartition prévisionnelle est la suivante :  * **Développement (60%):** 60 000$ (incluant les salaires des développeurs, les tests et la mise en production). * **Infrastructure (15%):** 15 000$ (hébergement, bases de données, serveurs). * **Gestion de projet (10%):** 10 000$ (salaires du chef de projet et de l\'équipe de gestion). * **Données et licences (10%):** 10 000$ (acquisition de jeux de données pour l\'entraînement du modèle de reconnaissance d\'images, licences de logiciels). * **Marketing et lancement (5%):** 5000$ (promotion de l\'application).  <h2>Technologies du projet</h2>  * **TensorFlow:**  Bibliothèque open source pour le développement de modèles de deep learning,  idéal pour la reconnaissance d\'images. * **Flask:** Framework Python léger et flexible pour le développement de l\'API backend.  Facile à utiliser et à déployer. * **React.js:** Framework JavaScript pour le développement de l\'interface utilisateur côté client,  permettant de créer une application mobile responsive et performante.  Son écosystème riche facilite le développement.  <h2>Contraintes techniques</h2>  * **Précision de la reconnaissance d\'images:**  Au moins 90% de précision pour les types de déchets courants. * **Mise à jour des informations sur le recyclage:**  Mécanisme de mise à jour automatique des réglementations locales. * **Précision du système de localisation:**  Marge d\'erreur inférieure à 1 km pour la localisation des centres de recyclage.  <h2>Conditions de validation du projet</h2>  * **Identification et recyclage corrects:**  Taux de succès de 95% pour l\'identification et le recyclage corrects des déchets. * **Exactitude des centres de recyclage:**  100% des centres de recyclage affichés doivent être exacts et pertinents. * **Conformité des conseils de recyclage:**  100% des conseils doivent être conformes aux réglementations locales.   <h2>Équipe</h2>  * **Chef de projet:** Da Cruz Jérémy * **Équipe:** OneForAllTeam     * **Admin:** Authentification utilisateur, suivi et historique des recyclages.     * **Mathieu:** Reconnaissance d\'images pour le recyclage.     * **Jérémy:** Conseils personnalisés de recyclage, interface utilisateur.  </body> </html> ', '9837714d-03f6-4ba7-b750-8f973e8f301a', 'e8a547a6-1da6-4824-af30-4b1f26acbc5c', '5d331087-7797-49b6-9211-a2c6914d0c30');

-- --------------------------------------------------------

--
-- Structure de la table `planning`
--

DROP TABLE IF EXISTS `planning`;
CREATE TABLE IF NOT EXISTS `planning` (
  `id` varchar(36) NOT NULL,
  `start_date` datetime NOT NULL,
  `end_date` datetime NOT NULL,
  `projectId` varchar(36) DEFAULT NULL,
  PRIMARY KEY (`id`),
  UNIQUE KEY `REL_f8961458fa01039d4dcd95b1f8` (`projectId`)
) ENGINE=InnoDB DEFAULT  CHARSET=utf8mb4 COLLATE=utf8mb4_0900_ai_ci;

--
-- Déchargement des données de la table `planning`
--

INSERT INTO `planning` (`id`, `start_date`, `end_date`, `projectId`) VALUES
('0ee1d1d0-ed3e-4772-a494-c33ee0bbe140', '2024-11-08 00:00:00', '2025-01-31 00:00:00', '9837714d-03f6-4ba7-b750-8f973e8f301a'),
('34f1e8ad-febe-40ac-8ee6-c9e39bd430e1', '2024-11-22 00:00:00', '2026-01-08 00:00:00', '8f282a0c-c7a4-4eda-96b4-71ddc8b002c2'),
('6002f349-f211-4933-a8c7-3e588bca7280', '2024-12-12 00:00:00', '2025-01-22 00:00:00', '4c020328-1060-4ba6-8d75-ba1cf51326d3'),
('7a0a08c7-b886-4d2d-ad5e-d9301c4cec2c', '2024-11-08 00:00:00', '2025-03-28 00:00:00', 'b01be757-e3f2-4c10-8b33-1b516cc4964a'),
('7f45127b-591d-4ad5-95d6-a63fe771238d', '2024-11-08 00:00:00', '2025-01-09 00:00:00', '0dfd13bc-e1a4-4be2-876b-2223de262b26'),
('82686e12-e167-457e-8982-5be438d5ee82', '2024-11-08 00:00:00', '2025-03-01 00:00:00', '8b0cbbcc-b5a1-4f34-921e-9b0a098fbc61'),
('82927026-7307-4e99-b03a-3caf4626377a', '2024-11-08 00:00:00', '2025-11-08 00:00:00', '07bed089-b764-4c26-a3dc-00bf7aa42f10'),
('83569dbb-7f86-4add-9d24-31114022765e', '2024-11-22 00:00:00', '2025-09-08 00:00:00', '32825337-0288-4cd6-b7a5-1ac7f4ebf389'),
('a4fe20f6-d45b-4200-89a7-89b3b8884fbd', '2025-04-01 00:00:00', '2026-02-01 00:00:00', 'efa1c9a7-4ee2-48d3-8e45-051a52956e58'),
('b7241f80-fce9-4a3e-bb69-81e2934ea7c7', '2024-11-08 00:00:00', '2025-01-15 00:00:00', '44d8fa72-d0bc-4a6f-9ee4-c5869c94b7e2'),
('d500bb6e-e4ef-4e37-926b-00bd233b3ba8', '2024-11-08 00:00:00', '2024-12-27 00:00:00', '3c213199-257b-444b-aad9-4ff88357a9f3'),
('d664c977-1f70-4147-b1db-08f5ee000a9d', '2024-11-08 00:00:00', '2025-02-21 00:00:00', 'c7dd4544-c901-4e90-8475-992c8e631194');

-- --------------------------------------------------------

--
-- Structure de la table `project`
--

DROP TABLE IF EXISTS `project`;
CREATE TABLE IF NOT EXISTS `project` (
  `id` varchar(36) NOT NULL,
  `name` varchar(255) NOT NULL,
  `description` text NOT NULL,
  `functionality` text NOT NULL,
  `forecast` text NOT NULL,
  `start_date` datetime NOT NULL,
  `end_date` datetime NOT NULL,
  `budget` text NOT NULL,
  `technology` text NOT NULL,
  `constraints` text NOT NULL,
  `validation` text NOT NULL,
  `color` int NOT NULL,
  `template` varchar(255) NOT NULL,
  `status` tinyint NOT NULL,
  `userId` varchar(36) DEFAULT NULL,
  `teamId` varchar(36) DEFAULT NULL,
  `teamRole` varchar(255) NOT NULL,
  PRIMARY KEY (`id`),
  KEY `FK_7c4b0d3b77eaf26f8b4da879e63` (`userId`),
  KEY `FK_d0474b642dc0ae63660dd8e2ac0` (`teamId`)
) ENGINE=InnoDB DEFAULT  CHARSET=utf8mb4 COLLATE=utf8mb4_0900_ai_ci;

--
-- Déchargement des données de la table `project`
--

INSERT INTO `project` (`id`, `name`, `description`, `functionality`, `forecast`, `start_date`, `end_date`, `budget`, `technology`, `constraints`, `validation`, `color`, `template`, `status`, `userId`, `teamId`, `teamRole`) VALUES
('07bed089-b764-4c26-a3dc-00bf7aa42f10', 'Doki Loki', 'Jeu à scénario en 2D sur le theme du harcelement avec differentes fin', 'Créer le scénario, faire les dessins et la structure du jeu.', 'Faire le scénario: 3 mois, faire les dessins 3mois; et en paralléle pendant 6 mois pour la structure du jeu.', '2024-11-08 00:00:00', '2025-11-08 00:00:00', '50 milles euros', 'unreal engine', 'Que le jeu soit fluide et compréhensible.', 'Mise en recette sur l\'environnement du client', 3, '0', 0, 'e8a547a6-1da6-4824-af30-4b1f26acbc5c', '5d331087-7797-49b6-9211-a2c6914d0c30', ''),
('0dfd13bc-e1a4-4be2-876b-2223de262b26', 'League of skin', 'Site pour choisir un ensemble de skin entre amis', 'selection de skin, création de room, proposition d\'ensemble', 'selection de skin: 2 semaines, création de room: 3 semaines, proposition d\'ensemble: 1 mois', '2024-11-08 00:00:00', '2025-01-09 00:00:00', '10K', 'elixir et phoenix', 'Doit respecter les règles du jeu et de son api', 'Pouvoir proposer au moins 5 correspondances possibles', 1, '0', 0, 'e8a547a6-1da6-4824-af30-4b1f26acbc5c', '8b66844f-3e11-4e6c-a652-dca635f1fa3f', ''),
('32825337-0288-4cd6-b7a5-1ac7f4ebf389', 'Drone Juice Integration', 'Logiciel de vol embarqué open source afin de disposer d\'un logiciel unique pour différents type de drone (multirotor, aile volante, planeur...) modulable par le développement d\'extension personnalisé', 'Une app bureau pour générer le logiciel de vol à injecter dans le drone. Modèle de vol sélectionnable en fonction du type de drone, du nombre de rotor du nombre de pale par rotor et de leur orientation. Fonction RTH, gestion de nacelle photo, fonction track & follow, fonction AutoFlight, maintient d\'altitude, maintient de position, régulateur et limiteur de vitesse', 'Recherche et implémentation de trois modèles de vols génériques: 9 mois, Implémentation Track & Follow: 2 semaines', '2024-11-22 00:00:00', '2025-09-08 00:00:00', '50,000 - 150,000 USD', 'React Native, Java, spring boot, mysql, docker', 'aucune', 'tester par le client', 6, '0', 0, 'e8a547a6-1da6-4824-af30-4b1f26acbc5c', '3eb6385c-cd3b-49d2-9b22-4fc02791e779', ''),
('3c213199-257b-444b-aad9-4ff88357a9f3', 'InsureTech', 'Plateforme technologique et des services de création de produits d’assurances', 'Plateforme de gestion des polices d’assurance, développement de nouveaux produits d’assurance.', 'Plateforme de gestion des polices d’assurance: 12 mois;\nDéveloppement de nouveaux produits d’assurance: 6 mois', '2024-11-08 00:00:00', '2024-12-27 00:00:00', '100 000€', 'Technologies de gestion des données, Python pour le backend, vue js pour le frontend.', 'Sécurité des données, conformité aux réglementations sur les assurances.', 'Sécurité des données, conformité aux réglementations sur les assurances.', 10, '0', 1, 'e8a547a6-1da6-4824-af30-4b1f26acbc5c', 'c61016f6-1bac-4801-bc29-5b931ad15336', ''),
('44d8fa72-d0bc-4a6f-9ee4-c5869c94b7e2', 'Mangavore', 'Une application permettant de garder une trace de nos achats de manga afin de le partager', 'Lister tous les mangas disponibles, Selectionner les mangas qu\'on possède, partager sa colection', 'Enregistrer tous les mangas: 4 semaines, Lister les mangas: 2 semaines, système de partage: 2 semaines', '2024-11-08 00:00:00', '2025-01-15 00:00:00', 'mille euros', 'Angular, mariaDB', 'Récupération automatique des mangas', 'Enregistrement de plus d\'une dizaines de tomes sur plusieurs mangas', 4, '0', 0, 'e8a547a6-1da6-4824-af30-4b1f26acbc5c', '8b66844f-3e11-4e6c-a652-dca635f1fa3f', ''),
('4c020328-1060-4ba6-8d75-ba1cf51326d3', 'GPE', 'Un site utilisant de l\'IA pour générer des cahiers des charges', 'Créer un cahier des charges a partir d\'un formulaire, enregistrer des tickets a partir du résultat', 'Créer un formulaire de création de projet 3 jours; créer la liaison avec l\\\'api 2 jours; enregistrer les tickets 2 semaines', '2024-12-12 00:00:00', '2025-01-22 00:00:00', '3000', 'symfony, javascript', 'aucune', 'réussir a créer 3 projets', 2, '0', 0, 'e8a547a6-1da6-4824-af30-4b1f26acbc5c', 'c61016f6-1bac-4801-bc29-5b931ad15336', ''),
('8b0cbbcc-b5a1-4f34-921e-9b0a098fbc61', 'Taverne des citations', 'Un site web pour deviner des citations connus d\'univers différents', 'Lister la totalité des citations, mini jeu en multijoueur pour deviner l\'auteur, système de préférence', 'Créer la page de liste: 2 semaines, Créer le mini-jeu: 3 semaines; Système de filtre et préférence: 13 jours; Hébergé le site: 3 jours; remplir la base de donnée: 2 mois', '2024-11-08 00:00:00', '2025-03-01 00:00:00', '15K', 'Symfony', 'Doit pouvoir ajouter facilement de nouvelle citations', 'Temps de réaction inférieur à 4 secondes', 0, '0', 0, 'e8a547a6-1da6-4824-af30-4b1f26acbc5c', '5d331087-7797-49b6-9211-a2c6914d0c30', ''),
('8f282a0c-c7a4-4eda-96b4-71ddc8b002c2', 'BlockBegin', 'Solution dédiée aux développeurs et aux entreprises pour créer des applications Blockchain.', 'Développement d’applications décentralisées, scalabilité, rapidité de déploiement.', 'Développement d’applications décentralisées 10 mois, \nscalabilité et rapidité de déploiement 10 mois.', '2024-11-22 00:00:00', '2026-01-08 00:00:00', '50 000€', 'Blockchain, Solidity pour le développement d’applications décentralisées.', 'Complexité de la technologie blockchain, nécessité d’une sécurité robuste.', 'Applications fonctionnelles et sécurisées, adoption par les développeurs et les entreprises.', 9, '0', 0, 'e8a547a6-1da6-4824-af30-4b1f26acbc5c', '3eb6385c-cd3b-49d2-9b22-4fc02791e779', ''),
('9837714d-03f6-4ba7-b750-8f973e8f301a', 'RecycleSmart', 'Système de Gestion des Déchets avec Reconnaissance d\'Images', '\"- **Gestion des utilisateurs** : Inscription, connexion, gestion des profils.\n- **Reconnaissance d\'images** : Algorithme pour identifier les types de déchets à partir de photos.\n- **Informations sur le recyclage** : Conseils sur le tri et le recyclage des déchets identifiés.\n- **Localisation des centres de recyclage** : Carte des centres de recyclage à proximité.\n- **Suivi des déchets** : Historique des déchets scannés et des conseils fournis.\n- **Gamification et récompenses** : Système de points et de récompenses pour encourager le recyclage.\n- **Notifications et rappels** : Alertes pour les jours de collecte des déchets.\"', 'Authentification utilisateur : 1 mois; Reconnaissance d\'images pour le recyclage : 2 mois; Conseils personnalisés de recyclage : 1 mois; Suivi et historique des recyclages : 1 mois; Interface utilisateur : 1 mois;', '2024-11-08 00:00:00', '2025-01-31 00:00:00', '100000 $', 'TensorFlow, Flask, React.js', 'Algorithme de reconnaissance d\'images doit avoir une précision d\'au moins 90% pour les types de déchets courants.Informations sur le recyclage doivent être mises à jour en fonction des régulations locales.Système de localisation des centres de recyclage doit être précis avec une marge d\'erreur inférieure à 1 km.', 'Les utilisateurs doivent pouvoir identifier correctement et recycler leurs déchets dans 95% des cas.Les centres de recyclage affichés doivent être exacts et pertinents pour 100% des utilisateurs.Les conseils de recyclage doivent être conformes aux régulations locales pour 100% des types de déchets reconnus.', 8, '0', 0, 'e8a547a6-1da6-4824-af30-4b1f26acbc5c', '5d331087-7797-49b6-9211-a2c6914d0c30', ''),
('b01be757-e3f2-4c10-8b33-1b516cc4964a', 'Liberty Cookie', 'Site e-commerce de vente de cookie', 'Faire le site qui affiche les articles et la partie admin du site', 'faire le site: 2mois; partie admin: 1 mois', '2024-11-08 00:00:00', '2025-03-28 00:00:00', '250 mille euros', 'Laravel PHP, Mysql', 'Que le site donne envie d\'acheter beaucoup de cookie', 'Mise en recette sur l\'environnement du client', 5, '0', 0, 'e8a547a6-1da6-4824-af30-4b1f26acbc5c', '3eb6385c-cd3b-49d2-9b22-4fc02791e779', ''),
('c7dd4544-c901-4e90-8475-992c8e631194', 'LibraTrack', 'Système de Gestion de Bibliothèque en Ligne', 'Gestion des utilisateurs : Inscription, connexion, gestion des profils de membres.Catalogue de livres : Liste des livres disponibles avec filtres par catégorie.Gestion des emprunts : Fonctionnalités pour emprunter, retourner et réserver des livres.Historique et état des prêts : Suivi des emprunts et état des retours.Recommandation de livres : Algorithme pour suggérer des livres basés sur l\'historique de lecture.Commentaires et évaluations : Ajout de critiques et de notes sur les livres.Notifications de rappel : Alertes pour les retours et les réservations de livres.', 'Authentification utilisateur : 1 mois; Catalogue en ligne : 2 mois; Système de réservation et d\'emprunt : 2 mois; Gestion des retours et notifications : 1.5 mois; Tableau de bord pour les administrateurs : 1 mois; Intégration avec les systèmes de bibliothèque existants : 1.5 mois;', '2024-11-08 00:00:00', '2025-02-21 00:00:00', '120 000€', 'Java (Spring Boot), Angular, MySQL', 'Capacité à gérer un catalogue de 500,000 livres. Interface utilisateur intuitive accessible sur tous les appareils. Système de réservation et de retour de livres doit être en temps réel.', 'Les utilisateurs doivent pouvoir emprunter et retourner des livres sans erreurs dans 100% des cas. Le système doit gérer les conflits de réservation avec un taux de résolution de 99%. Les notifications de rappel doivent être envoyées avec une latence inférieure à 1 minute.', 7, '0', 0, 'e8a547a6-1da6-4824-af30-4b1f26acbc5c', 'c61016f6-1bac-4801-bc29-5b931ad15336', ''),
('efa1c9a7-4ee2-48d3-8e45-051a52956e58', 'TutorPeak', 'plateforme de professeurs particuliers pour donner des cours de soutien', 'Mise en relation de parents et d’étudiants avec des professeurs particuliers, suivi des progrès des élèves', 'Mise en relation de parents et d’étudiants avec des professeurs particuliers: 6 mois, suivi des progrès des élèves: 4 mois', '2025-04-01 00:00:00', '2026-02-01 00:00:00', '75 000€', 'C# pour le backend, ember js pour le frontend', 'Qualité de l’enseignement, facilité d’utilisation de la plateforme.', 'Amélioration vérifiable des performances scolaires des élèves, adoption par les parents, les étudiants et les professeurs.', 11, '0', 1, 'e8a547a6-1da6-4824-af30-4b1f26acbc5c', '8b66844f-3e11-4e6c-a652-dca635f1fa3f', '');

-- --------------------------------------------------------

--
-- Structure de la table `rex`
--

DROP TABLE IF EXISTS `rex`;
CREATE TABLE IF NOT EXISTS `rex` (
  `id` varchar(36) NOT NULL,
  `answer1` varchar(255) NOT NULL,
  `answer2` varchar(255) NOT NULL,
  `answer3` varchar(255) NOT NULL,
  `projectId` varchar(36) DEFAULT NULL,
  PRIMARY KEY (`id`),
  UNIQUE KEY `REL_5b5b310700381af5e60bcb2c5f` (`projectId`)
) ENGINE=InnoDB DEFAULT  CHARSET=utf8mb4 COLLATE=utf8mb4_0900_ai_ci;

--
-- Déchargement des données de la table `rex`
--

INSERT INTO `rex` (`id`, `answer1`, `answer2`, `answer3`, `projectId`) VALUES
('3d1fa7d9-fd65-406f-857b-69fc7e80f79b', 'Les délais ont été respectés', 'Les merges ont posés trop de problèmes de conflit long à corriger', 'Imposer une méthodologie de travail dès le début du projet pour limiter les conflits de méthodes', 'efa1c9a7-4ee2-48d3-8e45-051a52956e58'),
('d0233a30-04b9-45ec-a970-8141d55a5ee4', 'Tout s\'est bien passé', 'Aucun problème détecté', 'Rien tant que ça ne se dégrade pas', '3c213199-257b-444b-aad9-4ff88357a9f3');

-- --------------------------------------------------------

--
-- Structure de la table `team`
--

DROP TABLE IF EXISTS `team`;
CREATE TABLE IF NOT EXISTS `team` (
  `id` varchar(36) NOT NULL,
  `avatar` varchar(255) DEFAULT NULL,
  `name` varchar(255) NOT NULL,
  `created_at` datetime(6) NOT NULL DEFAULT CURRENT_TIMESTAMP(6),
  PRIMARY KEY (`id`)
) ENGINE=InnoDB DEFAULT  CHARSET=utf8mb4 COLLATE=utf8mb4_0900_ai_ci;

--
-- Déchargement des données de la table `team`
--

INSERT INTO `team` (`id`, `avatar`, `name`, `created_at`) VALUES
('3eb6385c-cd3b-49d2-9b22-4fc02791e779', 'ae9b5c9b-44d6-46fb-94af-8cb57f9b4fb7.jpg', 'HackTime', '2024-11-08 02:41:19.277821'),
('5d331087-7797-49b6-9211-a2c6914d0c30', '214f20ee-9f35-4cda-818a-de0280d100cb.jpg', 'OneForAllTeam', '2024-11-08 02:29:27.375479'),
('8b66844f-3e11-4e6c-a652-dca635f1fa3f', 'e48ea8e3-bccb-4012-8009-14f1e3d84c09.jpg', 'SoulKingTeam', '2024-11-08 02:38:20.740680'),
('c61016f6-1bac-4801-bc29-5b931ad15336', '5ffb034c-1c4d-4710-90ee-f950f5483853.jpg', 'Equipe Gestionnaire', '2024-11-08 02:43:24.461341');

-- --------------------------------------------------------

--
-- Structure de la table `team_user`
--

DROP TABLE IF EXISTS `team_user`;
CREATE TABLE IF NOT EXISTS `team_user` (
  `id` int NOT NULL AUTO_INCREMENT,
  `created_at` timestamp(6) NOT NULL DEFAULT CURRENT_TIMESTAMP(6),
  `userId` varchar(36) DEFAULT NULL,
  `teamId` varchar(36) DEFAULT NULL,
  PRIMARY KEY (`id`),
  KEY `FK_2d6eb28b20fa5755ef325d4f7d5` (`userId`),
  KEY `FK_e75e96ec15d1f9b5376dfe8e853` (`teamId`)
) ENGINE=InnoDB AUTO_INCREMENT=9 DEFAULT  CHARSET=utf8mb4 COLLATE=utf8mb4_0900_ai_ci;

--
-- Déchargement des données de la table `team_user`
--

INSERT INTO `team_user` (`id`, `created_at`, `userId`, `teamId`) VALUES
(1, '2024-11-08 01:29:27.381703', 'e8a547a6-1da6-4824-af30-4b1f26acbc5c', '5d331087-7797-49b6-9211-a2c6914d0c30'),
(2, '2024-11-08 01:29:27.394389', 'fd73d649-4adc-407b-9b26-e45601c25a71', '5d331087-7797-49b6-9211-a2c6914d0c30'),
(3, '2024-11-08 01:29:27.406273', '4b4df483-15c8-4760-b339-ee7a39b88398', '5d331087-7797-49b6-9211-a2c6914d0c30'),
(4, '2024-11-08 01:38:20.747666', 'e8a547a6-1da6-4824-af30-4b1f26acbc5c', '8b66844f-3e11-4e6c-a652-dca635f1fa3f'),
(5, '2024-11-08 01:41:19.282186', 'e8a547a6-1da6-4824-af30-4b1f26acbc5c', '3eb6385c-cd3b-49d2-9b22-4fc02791e779'),
(6, '2024-11-08 01:41:19.291595', '4b4df483-15c8-4760-b339-ee7a39b88398', '3eb6385c-cd3b-49d2-9b22-4fc02791e779'),
(7, '2024-11-08 01:43:24.465808', 'e8a547a6-1da6-4824-af30-4b1f26acbc5c', 'c61016f6-1bac-4801-bc29-5b931ad15336'),
(8, '2024-11-08 01:43:24.476690', 'fd73d649-4adc-407b-9b26-e45601c25a71', 'c61016f6-1bac-4801-bc29-5b931ad15336');

-- --------------------------------------------------------

--
-- Structure de la table `ticket`
--

DROP TABLE IF EXISTS `ticket`;
CREATE TABLE IF NOT EXISTS `ticket` (
  `id` varchar(36) NOT NULL,
  `title` varchar(255) NOT NULL,
  `description` varchar(255) NOT NULL,
  `urgenceId` int NOT NULL,
  `status` varchar(255) NOT NULL,
  `start_date` datetime NOT NULL,
  `end_date` datetime NOT NULL,
  `planningId` varchar(255) DEFAULT NULL,
  `updated_at` datetime(6) NOT NULL DEFAULT CURRENT_TIMESTAMP(6) ON UPDATE CURRENT_TIMESTAMP(6),
  `userId` varchar(36) DEFAULT NULL,
  PRIMARY KEY (`id`),
  KEY `FK_79223cb571c0b92eb3be278ace7` (`planningId`),
  KEY `FK_0e01a7c92f008418bad6bad5919` (`userId`)
) ENGINE=InnoDB DEFAULT  CHARSET=utf8mb4 COLLATE=utf8mb4_0900_ai_ci;

--
-- Déchargement des données de la table `ticket`
--

INSERT INTO `ticket` (`id`, `title`, `description`, `urgenceId`, `status`, `start_date`, `end_date`, `planningId`, `updated_at`, `userId`) VALUES
('054c4f39-ca1a-44df-b8a4-6f6479786187', 'Authentification utilisateur', '', 0, 'résolu', '2024-11-08 00:00:00', '2024-12-09 00:00:00', 'd664c977-1f70-4147-b1db-08f5ee000a9d', '2024-11-11 02:57:58.000000', 'e8a547a6-1da6-4824-af30-4b1f26acbc5c'),
('08059a3d-a05e-453f-8e1f-2e9ea5a31aa0', 'Tableau de bord pour les administrateurs', '', 1, 'en retard', '2024-11-08 00:00:00', '2024-12-09 00:00:00', 'd664c977-1f70-4147-b1db-08f5ee000a9d', '2024-11-11 02:58:09.000000', 'e8a547a6-1da6-4824-af30-4b1f26acbc5c'),
('0c6332c6-9d87-429d-971f-d92400cda770', 'Système de messagerie', '', 0, 'a faire', '2024-11-22 00:00:00', '2024-11-26 00:00:00', '7f45127b-591d-4ad5-95d6-a63fe771238d', '2024-11-08 03:05:47.693420', 'e8a547a6-1da6-4824-af30-4b1f26acbc5c'),
('17a70d71-a481-4a5c-858a-6c13302a5389', 'Hébergé le site', '', 0, 'résolu', '2024-11-08 00:00:00', '2024-11-11 00:00:00', '82686e12-e167-457e-8982-5be438d5ee82', '2024-11-08 02:34:30.000000', 'e8a547a6-1da6-4824-af30-4b1f26acbc5c'),
('18f9eec9-0012-4d61-b6e0-b6a6c8927cfb', 'scalabilité et rapidité de déploiement 10 mois.', '', 2, 'en cours', '2024-11-22 00:00:00', '2025-09-28 01:00:00', '34f1e8ad-febe-40ac-8ee6-c9e39bd430e1', '2024-11-11 03:12:20.000000', 'e8a547a6-1da6-4824-af30-4b1f26acbc5c'),
('1a3182dd-d685-4e7a-933f-ada3920b16cb', 'Système de réservation et d\'emprunt', '', 0, 'a faire', '2024-11-08 00:00:00', '2025-01-09 00:00:00', 'd664c977-1f70-4147-b1db-08f5ee000a9d', '2024-11-08 13:28:15.140000', 'e8a547a6-1da6-4824-af30-4b1f26acbc5c'),
('21b335e1-d88a-471e-a113-9db33227164a', 'Lister les mangas', '', 1, 'en cours', '2024-11-08 00:00:00', '2024-11-22 00:00:00', 'b7241f80-fce9-4a3e-bb69-81e2934ea7c7', '2024-11-08 11:35:45.000000', 'e8a547a6-1da6-4824-af30-4b1f26acbc5c'),
('2b7eb646-56e9-4530-9669-0380c946f5fc', 'Créer un formulaire de création de projet 3 jours', '', 1, 'en cours', '2024-12-12 00:00:00', '2024-12-15 00:00:00', '6002f349-f211-4933-a8c7-3e588bca7280', '2024-11-08 09:52:11.000000', 'e8a547a6-1da6-4824-af30-4b1f26acbc5c'),
('2d71c438-5edb-489e-a425-363598501350', 'Mise en relation de parents et d’étudiants avec des professeurs particuliers', '', 0, 'résolu', '2025-04-01 00:00:00', '2025-10-04 00:00:00', 'a4fe20f6-d45b-4200-89a7-89b3b8884fbd', '2024-11-08 15:27:40.000000', 'e8a547a6-1da6-4824-af30-4b1f26acbc5c'),
('3071fa32-9dc9-4ff6-aeda-41b5246e9f07', 'Faire le scénario', '', 1, 'a faire', '2024-11-08 00:00:00', '2025-02-09 00:00:00', '82927026-7307-4e99-b03a-3caf4626377a', '2024-11-08 11:27:45.000000', 'fd73d649-4adc-407b-9b26-e45601c25a71'),
('405a24c3-061b-4ab8-9747-d8e8ca57e419', 'Interface utilisateur', '', 3, 'en cours', '2024-11-08 00:00:00', '2024-12-09 00:00:00', '0ee1d1d0-ed3e-4772-a494-c33ee0bbe140', '2024-11-11 03:08:27.000000', 'e8a547a6-1da6-4824-af30-4b1f26acbc5c'),
('426f6389-815e-4e5f-9791-865c125753fb', 'Reconnaissance d\'images pour le recyclage', '', 2, 'résolu', '2024-11-08 00:00:00', '2025-01-09 00:00:00', '0ee1d1d0-ed3e-4772-a494-c33ee0bbe140', '2024-11-11 03:08:54.000000', '4b4df483-15c8-4760-b339-ee7a39b88398'),
('4b088158-be5a-4bfb-acf1-a128e9a87893', 'créer la liaison avec l\\\'api 2 jours', '', 0, 'a faire', '2024-12-12 00:00:00', '2024-12-14 00:00:00', '6002f349-f211-4933-a8c7-3e588bca7280', '2024-11-08 09:52:17.000000', 'fd73d649-4adc-407b-9b26-e45601c25a71'),
('4d0165d8-9bab-4721-b6d0-f86bb113cff9', 'Enregistrer tous les mangas', '', 1, 'résolu', '2024-11-08 00:00:00', '2024-12-06 00:00:00', 'b7241f80-fce9-4a3e-bb69-81e2934ea7c7', '2024-11-08 11:35:30.000000', 'e8a547a6-1da6-4824-af30-4b1f26acbc5c'),
('63629942-b8e4-4076-9d07-7fce4e87c1a3', 'remplir la base de donnée', '', 2, 'en cours', '2024-11-08 00:00:00', '2025-01-09 00:00:00', '82686e12-e167-457e-8982-5be438d5ee82', '2024-11-08 02:34:40.000000', 'e8a547a6-1da6-4824-af30-4b1f26acbc5c'),
('64184181-99d0-443b-83d3-d43a72be6361', 'proposition d\'ensemble', '', 0, 'a faire', '2024-11-08 00:00:00', '2024-12-09 00:00:00', '7f45127b-591d-4ad5-95d6-a63fe771238d', '2024-11-08 02:47:54.369000', 'e8a547a6-1da6-4824-af30-4b1f26acbc5c'),
('65910c98-5341-4df8-aca4-46aafe847b04', 'Plateforme de gestion des polices d’assurance', '', 0, 'résolu', '2024-11-08 00:00:00', '2025-11-15 00:00:00', 'd500bb6e-e4ef-4e37-926b-00bd233b3ba8', '2024-11-08 17:24:13.000000', 'e8a547a6-1da6-4824-af30-4b1f26acbc5c'),
('684ef71a-ce18-4341-9c97-2b0359e61d0f', 'partie admin', '', 1, 'a faire', '2024-11-08 00:00:00', '2024-12-09 00:00:00', '7a0a08c7-b886-4d2d-ad5e-d9301c4cec2c', '2024-11-08 11:13:28.000000', '4b4df483-15c8-4760-b339-ee7a39b88398'),
('717c1d78-2674-4a98-8009-11e581d2d143', 'faire la structure du jeu', '', 2, 'a faire', '2024-11-08 00:00:00', '2025-05-13 01:00:00', '82927026-7307-4e99-b03a-3caf4626377a', '2024-11-08 11:27:21.000000', 'e8a547a6-1da6-4824-af30-4b1f26acbc5c'),
('868953e7-dda9-4285-8c7f-cdd2b81c00ca', 'Conseils personnalisés de recyclage', '', 2, 'a faire', '2024-11-08 00:00:00', '2024-12-09 00:00:00', '0ee1d1d0-ed3e-4772-a494-c33ee0bbe140', '2024-11-11 03:08:16.000000', '4b4df483-15c8-4760-b339-ee7a39b88398'),
('96a0dbb2-0d09-4579-9319-102ed488cb66', 'faire le site', '', 3, 'en cours', '2024-11-08 00:00:00', '2025-01-09 00:00:00', '7a0a08c7-b886-4d2d-ad5e-d9301c4cec2c', '2024-11-08 11:13:36.000000', 'e8a547a6-1da6-4824-af30-4b1f26acbc5c'),
('9f611c4b-d6df-48ff-860d-f261e93aa8e4', 'Catalogue en ligne', '', 0, 'a faire', '2024-11-08 00:00:00', '2025-01-09 00:00:00', 'd664c977-1f70-4147-b1db-08f5ee000a9d', '2024-11-11 02:58:18.000000', 'fd73d649-4adc-407b-9b26-e45601c25a71'),
('a04780ef-7db7-4743-8de1-a7f6a08f08e9', 'suivi des progrès des élèves', '', 0, 'résolu', '2025-04-01 00:00:00', '2025-08-03 00:00:00', 'a4fe20f6-d45b-4200-89a7-89b3b8884fbd', '2024-11-08 15:27:45.000000', 'e8a547a6-1da6-4824-af30-4b1f26acbc5c'),
('a4ceeec6-1b95-4faa-a1a4-89b51f9e8cab', 'Développement de nouveaux produits d’assurance', '', 0, 'résolu', '2024-11-08 00:00:00', '2025-05-13 01:00:00', 'd500bb6e-e4ef-4e37-926b-00bd233b3ba8', '2024-11-08 17:24:18.000000', 'e8a547a6-1da6-4824-af30-4b1f26acbc5c'),
('ac159ce5-6ae5-4669-b4eb-7536c1a7f13a', 'Gestion des retours et notifications', '', 1, 'résolu', '2024-11-08 00:00:00', '2025-04-12 01:00:00', 'd664c977-1f70-4147-b1db-08f5ee000a9d', '2024-11-11 02:58:33.000000', 'fd73d649-4adc-407b-9b26-e45601c25a71'),
('b9ea3de3-13d0-4d13-a144-5c9977f6af86', 'création de room', '', 1, 'résolu', '2024-11-08 00:00:00', '2024-11-29 00:00:00', '7f45127b-591d-4ad5-95d6-a63fe771238d', '2024-11-08 03:05:11.000000', 'e8a547a6-1da6-4824-af30-4b1f26acbc5c'),
('bb3da8f6-5917-46d5-872f-c209e3b5b610', 'Authentification utilisateur', '', 0, 'en retard', '2024-11-08 00:00:00', '2024-12-09 00:00:00', '0ee1d1d0-ed3e-4772-a494-c33ee0bbe140', '2024-11-11 03:08:39.000000', 'e8a547a6-1da6-4824-af30-4b1f26acbc5c'),
('bc5f218b-6d30-4fb6-a512-4b0715b7da40', 'faire les dessins', '', 1, 'a faire', '2024-11-08 00:00:00', '2025-02-09 00:00:00', '82927026-7307-4e99-b03a-3caf4626377a', '2024-11-08 11:27:37.000000', '4b4df483-15c8-4760-b339-ee7a39b88398'),
('ce1503a7-8e04-4627-9e3e-c69e82d7aed5', 'système de partage', '', 0, 'a faire', '2024-11-08 00:00:00', '2024-11-22 00:00:00', 'b7241f80-fce9-4a3e-bb69-81e2934ea7c7', '2024-11-08 11:32:59.770000', 'e8a547a6-1da6-4824-af30-4b1f26acbc5c'),
('cec78e4b-25a1-401c-bf18-15dab38c3411', 'Créer le mini-jeu', '', 1, 'en retard', '2024-11-08 00:00:00', '2024-11-29 00:00:00', '82686e12-e167-457e-8982-5be438d5ee82', '2024-11-08 02:34:55.000000', '4b4df483-15c8-4760-b339-ee7a39b88398'),
('cece8820-6ba3-487f-93bc-ebd8b44570de', 'Implémentation Track & Follow', '', 0, 'a faire', '2024-11-22 00:00:00', '2024-12-06 00:00:00', '83569dbb-7f86-4add-9d24-31114022765e', '2024-11-08 13:22:26.533000', 'e8a547a6-1da6-4824-af30-4b1f26acbc5c'),
('d0d626f8-147d-4f90-966b-c3bdfc00238f', 'selection de skin', '', 0, 'en cours', '2024-11-08 00:00:00', '2024-11-22 00:00:00', '7f45127b-591d-4ad5-95d6-a63fe771238d', '2024-11-08 03:05:17.000000', 'e8a547a6-1da6-4824-af30-4b1f26acbc5c'),
('ddaaeb5a-d325-494f-9ae5-235acd41f294', 'enregistrer les tickets 2 semaines', '', 0, 'a faire', '2024-12-12 00:00:00', '2024-12-26 00:00:00', '6002f349-f211-4933-a8c7-3e588bca7280', '2024-11-08 09:51:24.429000', 'e8a547a6-1da6-4824-af30-4b1f26acbc5c'),
('e7a78d7a-b4df-45ad-924f-0872c3d176a0', 'Suivi et historique des recyclages', '', 1, 'a faire', '2024-11-08 00:00:00', '2024-12-09 00:00:00', '0ee1d1d0-ed3e-4772-a494-c33ee0bbe140', '2024-11-11 03:09:07.000000', '4b4df483-15c8-4760-b339-ee7a39b88398'),
('ed16f850-e2e5-47ff-9bd9-f68f90411bd0', 'Développement d’applications décentralisées 10 mois', '', 1, 'a faire', '2024-11-22 00:00:00', '2025-09-28 01:00:00', '34f1e8ad-febe-40ac-8ee6-c9e39bd430e1', '2024-11-11 03:12:10.000000', '4b4df483-15c8-4760-b339-ee7a39b88398'),
('f3086f7e-c140-47d6-8771-182fd1b98fc3', 'Système de filtre et préférence', '', 0, 'a faire', '2024-11-08 00:00:00', '2024-11-21 00:00:00', '82686e12-e167-457e-8982-5be438d5ee82', '2024-11-08 02:33:24.192000', 'e8a547a6-1da6-4824-af30-4b1f26acbc5c'),
('f3f361a5-cf40-47b0-81ce-78d215f8ffb6', 'Intégration avec les systèmes de bibliothèque existants', '', 1, 'en cours', '2024-11-08 00:00:00', '2025-04-12 01:00:00', 'd664c977-1f70-4147-b1db-08f5ee000a9d', '2024-11-11 02:57:53.000000', 'fd73d649-4adc-407b-9b26-e45601c25a71'),
('f8e6a35a-ade4-4111-84b5-35076d1df815', 'Recherche et implémentation de trois modèles de vols génériques', '', 1, 'en cours', '2024-11-22 00:00:00', '2025-08-28 01:00:00', '83569dbb-7f86-4add-9d24-31114022765e', '2024-11-11 03:11:37.000000', '4b4df483-15c8-4760-b339-ee7a39b88398'),
('fe934167-9fbb-4066-9bd1-7487fec0a950', 'Créer la page de liste', '', 1, 'résolu', '2024-11-08 00:00:00', '2024-11-22 00:00:00', '82686e12-e167-457e-8982-5be438d5ee82', '2024-11-08 02:35:16.000000', 'fd73d649-4adc-407b-9b26-e45601c25a71');

-- --------------------------------------------------------

--
-- Structure de la table `user`
--

DROP TABLE IF EXISTS `user`;
CREATE TABLE IF NOT EXISTS `user` (
  `id` varchar(36) NOT NULL,
  `avatar` varchar(255) DEFAULT NULL,
  `lastname` varchar(255) NOT NULL,
  `firstname` varchar(255) NOT NULL,
  `mail` varchar(255) NOT NULL,
  `phone` varchar(255) DEFAULT NULL,
  `bio` varchar(255) DEFAULT NULL,
  `password` varchar(255) NOT NULL,
  `created_at` datetime(6) NOT NULL DEFAULT CURRENT_TIMESTAMP(6),
  `payment` boolean NOT NULL DEFAULT 0,
  `abonnement` varchar(255),
  PRIMARY KEY (`id`),
  UNIQUE KEY `IDX_7395ecde6cda2e7fe90253ec59` (`mail`)
) ENGINE=InnoDB DEFAULT  CHARSET=utf8mb4 COLLATE=utf8mb4_0900_ai_ci;

--
-- Déchargement des données de la table `user`
--

INSERT INTO `user` (`id`, `avatar`, `lastname`, `firstname`, `mail`, `phone`, `bio`, `password`, `created_at`, `payment`, `abonnement`) VALUES
('4b4df483-15c8-4760-b339-ee7a39b88398', NULL, 'Beuret', 'Mathieu', 'beuret_m@etna-alternance.net', '', NULL, '$2b$10$KknYEXhHUa7uCpDVl4rwjea68UNL/0EX4Z5noVuvZ2IfrMnfxpuGm', '2024-11-08 02:26:59.116258', 1, 'prod_REOcseWjklf70e'),
('e8a547a6-1da6-4824-af30-4b1f26acbc5c', '1d05a06e-b309-484b-ad8b-e5f3a6f22eee.jpg', 'Jérémy', 'Da Cruz', 'jeremy.dacruz2@gmail.com', '33781981249', 'null', '$2b$10$hbfab8e9crnLgNP6MgkdK.MjnAt/4rtGwZQmIwg89ekcdNDRMJTde', '2024-11-08 02:28:14.026552', 1, 'prod_REOdmnlK9M7uKW'),
('fd73d649-4adc-407b-9b26-e45601c25a71', NULL, 'Admin', 'Admin', 'centralized2024@gmail.com', '0626417574', NULL, '$2b$10$0A/.fh.9ah9Kk0mYMJCHlu8UpVbd6T7ND5qMHV0zZu6Zv0dJTT0ti', '2024-11-08 02:25:56.433722', 1, 'prod_REOcseWjklf70e');

--
-- Contraintes pour les tables déchargées
--

--
-- Contraintes pour la table `cdc`
--
ALTER TABLE `cdc`
  ADD CONSTRAINT `FK_10a2b846ef80ef67353e03a90e6` FOREIGN KEY (`projectId`) REFERENCES `project` (`id`),
  ADD CONSTRAINT `FK_4875a12743ea691ac38219b13ba` FOREIGN KEY (`userId`) REFERENCES `user` (`id`),
  ADD CONSTRAINT `FK_f9ec75268d5f52677b2247081fb` FOREIGN KEY (`teamId`) REFERENCES `team` (`id`);

--
-- Contraintes pour la table `planning`
--
ALTER TABLE `planning`
  ADD CONSTRAINT `FK_f8961458fa01039d4dcd95b1f8f` FOREIGN KEY (`projectId`) REFERENCES `project` (`id`);

--
-- Contraintes pour la table `project`
--
ALTER TABLE `project`
  ADD CONSTRAINT `FK_7c4b0d3b77eaf26f8b4da879e63` FOREIGN KEY (`userId`) REFERENCES `user` (`id`),
  ADD CONSTRAINT `FK_d0474b642dc0ae63660dd8e2ac0` FOREIGN KEY (`teamId`) REFERENCES `team` (`id`);

--
-- Contraintes pour la table `rex`
--
ALTER TABLE `rex`
  ADD CONSTRAINT `FK_5b5b310700381af5e60bcb2c5fb` FOREIGN KEY (`projectId`) REFERENCES `project` (`id`);

--
-- Contraintes pour la table `team_user`
--
ALTER TABLE `team_user`
  ADD CONSTRAINT `FK_2d6eb28b20fa5755ef325d4f7d5` FOREIGN KEY (`userId`) REFERENCES `user` (`id`),
  ADD CONSTRAINT `FK_e75e96ec15d1f9b5376dfe8e853` FOREIGN KEY (`teamId`) REFERENCES `team` (`id`);

--
-- Contraintes pour la table `ticket`
--
ALTER TABLE `ticket`
  ADD CONSTRAINT `FK_0e01a7c92f008418bad6bad5919` FOREIGN KEY (`userId`) REFERENCES `user` (`id`),
  ADD CONSTRAINT `FK_79223cb571c0b92eb3be278ace7` FOREIGN KEY (`planningId`) REFERENCES `planning` (`id`);
COMMIT;

/*!40101 SET CHARACTER_SET_CLIENT=@OLD_CHARACTER_SET_CLIENT */;
/*!40101 SET CHARACTER_SET_RESULTS=@OLD_CHARACTER_SET_RESULTS */;
/*!40101 SET COLLATION_CONNECTION=@OLD_COLLATION_CONNECTION */;
